# Blender 5.1.2
# www.blender.org
o Repo_uvw
v -0.188278 3.106107 -0.946538
v -0.369320 3.106107 -0.891619
v -0.536170 3.106107 -0.802436
v -0.682415 3.106107 -0.682416
v -0.802436 3.106107 -0.536171
v -0.891619 3.106107 -0.369321
v -0.946538 3.106107 -0.188278
v -0.965082 3.106107 -0.000000
v -0.946538 3.106107 0.188278
v -0.891619 3.106107 0.369320
v -0.802436 3.106107 0.536170
v -0.682416 3.106107 0.682416
v -0.536171 3.106107 0.802436
v -0.369321 3.106107 0.891619
v -0.188278 3.106107 0.946538
v -0.000000 3.106107 0.965082
v 0.188278 3.106107 0.946538
v 0.369321 3.106107 0.891620
v 0.536171 3.106107 0.802437
v 0.682416 3.106107 0.682416
v 0.802436 3.106107 0.536171
v 0.891620 3.106107 0.369321
v 0.946539 3.106107 0.188279
v 0.965083 3.106107 0.000000
v 0.946539 3.106107 -0.188278
v 0.891620 3.106107 -0.369321
v 0.802437 3.106107 -0.536171
v 0.682416 3.106107 -0.682416
v 0.536171 3.106107 -0.802437
v 0.369321 3.106107 -0.891620
v 0.188278 3.106107 -0.946539
v -0.000000 3.106107 -0.965082
v -0.000000 3.078415 -0.988695
v -0.192884 3.078415 -0.969697
v -0.378357 3.078415 -0.913435
v -0.549289 3.078415 -0.822070
v -0.699112 3.078415 -0.699113
v -0.822069 3.078415 -0.549290
v -0.913435 3.078415 -0.378358
v -0.969697 3.078415 -0.192885
v -0.988695 3.078415 -0.000000
v -0.969697 3.078415 0.192884
v -0.913435 3.078415 0.378357
v -0.822070 3.078415 0.549289
v -0.699113 3.078415 0.699112
v -0.549290 3.078415 0.822069
v -0.378358 3.078415 0.913435
v -0.192885 3.078415 0.969697
v -0.000000 3.078415 0.988695
v 0.192885 3.078415 0.969698
v 0.378357 3.078415 0.913435
v 0.549289 3.078415 0.822070
v 0.699113 3.078415 0.699113
v 0.822070 3.078415 0.549290
v 0.913435 3.078415 0.378357
v 0.969698 3.078415 0.192885
v 0.988696 3.078415 0.000000
v 0.969698 3.078415 -0.192885
v 0.913436 3.078415 -0.378357
v 0.822070 3.078415 -0.549290
v 0.699113 3.078415 -0.699113
v 0.549290 3.078415 -0.822070
v 0.378357 3.078415 -0.913436
v 0.192885 3.078415 -0.969698
v -0.000000 1.831282 -0.988695
v -0.192884 1.831282 -0.969697
v -0.378357 1.831282 -0.913435
v -0.549289 1.831282 -0.822070
v -0.699112 1.831282 -0.699113
v -0.822069 1.831282 -0.549290
v -0.913435 1.831282 -0.378358
v -0.969697 1.831282 -0.192885
v -0.988695 1.831282 -0.000000
v -0.969697 1.831282 0.192884
v -0.913435 1.831282 0.378357
v -0.822070 1.831282 0.549289
v -0.699113 1.831282 0.699112
v -0.549290 1.831282 0.822069
v -0.378358 1.831282 0.913435
v -0.192885 1.831282 0.969697
v -0.000000 1.831282 0.988695
v 0.192885 1.831282 0.969698
v 0.378357 1.831282 0.913435
v 0.549289 1.831282 0.822070
v 0.699113 1.831282 0.699113
v 0.822070 1.831282 0.549290
v 0.913435 1.831282 0.378357
v 0.969698 1.831282 0.192885
v 0.988696 1.831282 0.000000
v 0.969698 1.831282 -0.192885
v 0.913436 1.831282 -0.378357
v 0.822070 1.831282 -0.549290
v 0.699113 1.831282 -0.699113
v 0.549290 1.831282 -0.822070
v 0.378357 1.831282 -0.913436
v 0.192885 1.831282 -0.969698
v -0.000000 1.668782 -0.963371
v -0.187944 1.668782 -0.944859
v -0.368665 1.668782 -0.890038
v -0.535219 1.668782 -0.801013
v -0.681205 1.668782 -0.681205
v -0.801012 1.668782 -0.535220
v -0.890037 1.668782 -0.368666
v -0.944859 1.668782 -0.187944
v -0.963370 1.668782 -0.000000
v -0.944859 1.668782 0.187944
v -0.890038 1.668782 0.368665
v -0.801013 1.668782 0.535219
v -0.681206 1.668782 0.681205
v -0.535220 1.668782 0.801013
v -0.368666 1.668782 0.890038
v -0.187945 1.668782 0.944859
v -0.000000 1.668782 0.963370
v 0.187944 1.668782 0.944859
v 0.368665 1.668782 0.890038
v 0.535219 1.668782 0.801013
v 0.681205 1.668782 0.681206
v 0.801013 1.668782 0.535220
v 0.890038 1.668782 0.368666
v 0.944860 1.668782 0.187945
v 0.963370 1.668782 0.000000
v 0.944860 1.668782 -0.187944
v 0.890038 1.668782 -0.368666
v 0.801013 1.668782 -0.535220
v 0.681206 1.668782 -0.681206
v 0.535220 1.668782 -0.801013
v 0.368666 1.668782 -0.890038
v 0.187944 1.668782 -0.944860
v -0.000000 1.537531 -0.901731
v -0.175918 1.537531 -0.884403
v -0.345077 1.537531 -0.833090
v -0.500974 1.537531 -0.749761
v -0.637619 1.537531 -0.637620
v -0.749761 1.537531 -0.500975
v -0.833090 1.537531 -0.345077
v -0.884404 1.537531 -0.175919
v -0.901730 1.537531 -0.000000
v -0.884404 1.537531 0.175919
v -0.833090 1.537531 0.345077
v -0.749762 1.537531 0.500974
v -0.637620 1.537531 0.637619
v -0.500975 1.537531 0.749761
v -0.345078 1.537531 0.833090
v -0.175919 1.537531 0.884404
v -0.000000 1.537531 0.901731
v 0.175919 1.537531 0.884404
v 0.345077 1.537531 0.833091
v 0.500974 1.537531 0.749762
v 0.637620 1.537531 0.637620
v 0.749761 1.537531 0.500975
v 0.833091 1.537531 0.345078
v 0.884404 1.537531 0.175919
v 0.901731 1.537531 0.000000
v 0.884404 1.537531 -0.175919
v 0.833091 1.537531 -0.345077
v 0.749762 1.537531 -0.500975
v 0.637620 1.537531 -0.637620
v 0.500975 1.537531 -0.749762
v 0.345077 1.537531 -0.833090
v 0.175919 1.537531 -0.884404
v -0.043560 1.218781 -0.442279
v -0.209497 1.218781 -0.391942
v -0.343540 1.218781 -0.281936
v -0.425282 1.218781 -0.129008
v -0.442279 1.218781 0.043560
v -0.391942 1.218781 0.209497
v -0.281936 1.218781 0.343540
v -0.129008 1.218781 0.425282
v 0.043561 1.218781 0.442278
v 0.209498 1.218781 0.391942
v 0.343540 1.218781 0.281936
v 0.425282 1.218781 0.129008
v 0.442279 1.218781 -0.043561
v 0.391942 1.218781 -0.209498
v 0.281936 1.218781 -0.343541
v 0.129008 1.218781 -0.425283
v 0.000000 1.132315 0.000001
v 0.000000 1.427271 -0.795501
v -0.062971 1.317470 -0.639357
v -0.155194 1.427271 -0.780215
v -0.302849 1.317470 -0.566590
v -0.304424 1.427271 -0.734947
v -0.441956 1.427271 -0.661434
v -0.496620 1.317470 -0.407566
v -0.562504 1.427271 -0.562504
v -0.661434 1.427271 -0.441957
v -0.614786 1.317470 -0.186494
v -0.734947 1.427271 -0.304425
v -0.780215 1.427271 -0.155195
v -0.639357 1.317470 0.062971
v -0.795501 1.427271 -0.000000
v -0.780215 1.427271 0.155194
v -0.566591 1.317470 0.302849
v -0.734947 1.427271 0.304425
v -0.661435 1.427271 0.441957
v -0.407566 1.317470 0.496621
v -0.562504 1.427272 0.562504
v -0.441957 1.427271 0.661435
v -0.186494 1.317470 0.614787
v -0.304425 1.427272 0.734947
v -0.155195 1.427271 0.780216
v 0.062971 1.317470 0.639357
v -0.000000 1.427271 0.795501
v 0.155194 1.427271 0.780216
v 0.302849 1.317470 0.566591
v 0.304425 1.427271 0.734947
v 0.441956 1.427271 0.661435
v 0.496621 1.317470 0.407567
v 0.562504 1.427271 0.562505
v 0.661435 1.427271 0.441957
v 0.614787 1.317470 0.186494
v 0.734947 1.427271 0.304425
v 0.780216 1.427271 0.155195
v 0.639357 1.317470 -0.062971
v 0.795501 1.427271 0.000000
v 0.780216 1.427271 -0.155194
v 0.566591 1.317470 -0.302849
v 0.734947 1.427271 -0.304425
v 0.661435 1.427271 -0.441957
v 0.407566 1.317470 -0.496621
v 0.562504 1.427271 -0.562504
v 0.441957 1.427271 -0.661435
v 0.186494 1.317470 -0.614787
v 0.304425 1.427271 -0.734947
v 0.155195 1.427271 -0.780216
v -0.061244 1.150030 -0.201894
v 0.099455 1.150030 -0.186066
v 0.201895 1.150030 -0.061243
v 0.186067 1.150030 0.099456
v 0.061244 1.150030 0.201896
v -0.099455 1.150030 0.186068
v -0.201895 1.150030 0.061245
v -0.186067 1.150030 -0.099454
v -0.585810 4.353513 -0.392833
v -0.585810 3.963413 -0.782933
v -0.585810 3.573312 -0.392833
v -0.459307 4.239255 -0.647678
v -0.420527 4.112698 -0.725804
v -0.406908 3.963413 -0.753238
v -0.420527 3.814128 -0.725804
v -0.459307 3.687570 -0.647678
v -0.488327 4.323818 -0.514573
v -0.352064 4.239255 -0.587883
v -0.280406 4.112698 -0.647678
v -0.255243 3.963413 -0.668675
v -0.280406 3.814128 -0.647678
v -0.352064 3.687570 -0.587883
v -0.488327 3.603007 -0.514573
v -0.280406 4.239255 -0.498393
v -0.186781 4.112698 -0.530754
v -0.153904 3.963413 -0.542117
v -0.186781 3.814128 -0.530754
v -0.280406 3.687570 -0.498393
v -0.413717 4.323818 -0.421397
v -0.255243 4.239255 -0.392833
v -0.153903 4.112698 -0.392833
v -0.118318 3.963413 -0.392832
v -0.153903 3.814128 -0.392833
v -0.255243 3.687570 -0.392833
v -0.413717 3.603007 -0.421397
v -0.280406 4.239255 -0.287272
v -0.186781 4.112698 -0.254911
v -0.153904 3.963413 -0.243548
v -0.186781 3.814128 -0.254911
v -0.280406 3.687570 -0.287272
v -0.439917 3.603007 -0.311488
v -0.439917 4.323818 -0.311488
v -0.352064 4.239255 -0.197782
v -0.280406 4.112698 -0.137987
v -0.255243 3.963413 -0.116990
v -0.280406 3.814128 -0.137987
v -0.352064 3.687570 -0.197782
v -0.459307 4.239255 -0.137987
v -0.420527 4.112698 -0.059861
v -0.406909 3.963413 -0.032427
v -0.420527 3.814128 -0.059861
v -0.459307 3.687570 -0.137987
v -0.551578 4.323818 -0.249229
v -0.585810 4.239255 -0.116990
v -0.585810 4.112698 -0.032427
v -0.585810 3.963413 -0.002732
v -0.585810 3.814128 -0.032427
v -0.585810 3.687570 -0.116990
v -0.551578 3.603007 -0.249229
v -0.683292 4.323818 -0.271092
v -0.712312 4.239255 -0.137987
v -0.751093 4.112698 -0.059861
v -0.764711 3.963413 -0.032427
v -0.751093 3.814128 -0.059861
v -0.712312 3.687570 -0.137987
v -0.819556 4.239255 -0.197782
v -0.891213 4.112698 -0.137987
v -0.916376 3.963413 -0.116990
v -0.891213 3.814128 -0.137987
v -0.819556 3.687570 -0.197782
v -0.683292 3.603007 -0.271092
v -0.891214 4.239255 -0.287272
v -0.984839 4.112698 -0.254911
v -1.017716 3.963413 -0.243548
v -0.984839 3.814128 -0.254911
v -0.891214 3.687570 -0.287272
v -0.757902 4.323818 -0.364268
v -0.916376 4.239255 -0.392833
v -1.017716 4.112698 -0.392833
v -1.053301 3.963413 -0.392833
v -1.017716 3.814128 -0.392833
v -0.916376 3.687570 -0.392833
v -0.757902 3.603007 -0.364268
v -0.891213 4.239255 -0.498393
v -0.984839 4.112698 -0.530754
v -1.017716 3.963413 -0.542118
v -0.984839 3.814128 -0.530754
v -0.891213 3.687570 -0.498393
v -0.731702 4.323818 -0.474177
v -0.819556 4.239255 -0.587883
v -0.891213 4.112698 -0.647678
v -0.916376 3.963413 -0.668675
v -0.891213 3.814128 -0.647678
v -0.819556 3.687570 -0.587883
v -0.731702 3.603007 -0.474177
v -0.712312 4.239255 -0.647678
v -0.751093 4.112698 -0.725804
v -0.764711 3.963413 -0.753238
v -0.751093 3.814128 -0.725804
v -0.712312 3.687570 -0.647678
v -0.620041 4.323818 -0.536436
v -0.585810 4.239255 -0.668675
v -0.585810 4.112698 -0.753238
v -0.585810 3.814128 -0.753238
v -0.585810 3.687570 -0.668675
v -0.620041 3.603007 -0.536436
v -0.585810 4.353513 0.392833
v -0.585810 3.963413 0.782933
v -0.585810 3.573312 0.392833
v -0.459307 4.239255 0.647678
v -0.420527 4.112698 0.725804
v -0.406908 3.963413 0.753239
v -0.420527 3.814128 0.725804
v -0.459307 3.687570 0.647678
v -0.488327 4.323818 0.514574
v -0.352064 4.239255 0.587883
v -0.280406 4.112698 0.647678
v -0.255243 3.963413 0.668675
v -0.280406 3.814128 0.647678
v -0.352064 3.687570 0.587883
v -0.488327 3.603007 0.514574
v -0.280406 4.239255 0.498393
v -0.186781 4.112698 0.530754
v -0.153904 3.963413 0.542118
v -0.186781 3.814128 0.530754
v -0.280406 3.687570 0.498393
v -0.413717 4.323818 0.421397
v -0.255243 4.239255 0.392833
v -0.153903 4.112698 0.392833
v -0.118318 3.963413 0.392833
v -0.153903 3.814128 0.392833
v -0.255243 3.687570 0.392833
v -0.413717 3.603007 0.421397
v -0.280406 4.239255 0.287272
v -0.186781 4.112698 0.254912
v -0.153904 3.963413 0.243548
v -0.186781 3.814128 0.254912
v -0.280406 3.687570 0.287272
v -0.439917 3.603007 0.311488
v -0.439917 4.323818 0.311488
v -0.352064 4.239255 0.197783
v -0.280406 4.112698 0.137988
v -0.255243 3.963413 0.116990
v -0.280406 3.814128 0.137988
v -0.352064 3.687570 0.197783
v -0.459307 4.239255 0.137988
v -0.420527 4.112698 0.059862
v -0.406909 3.963413 0.032427
v -0.420527 3.814128 0.059862
v -0.459307 3.687570 0.137988
v -0.551578 4.323818 0.249230
v -0.585810 4.239255 0.116990
v -0.585810 4.112698 0.032427
v -0.585810 3.963413 0.002733
v -0.585810 3.814128 0.032427
v -0.585810 3.687570 0.116990
v -0.551578 3.603007 0.249230
v -0.683292 4.323818 0.271092
v -0.712312 4.239255 0.137988
v -0.751093 4.112698 0.059862
v -0.764711 3.963413 0.032427
v -0.751093 3.814128 0.059862
v -0.712312 3.687570 0.137988
v -0.819556 4.239255 0.197783
v -0.891213 4.112698 0.137988
v -0.916376 3.963413 0.116990
v -0.891213 3.814128 0.137988
v -0.819556 3.687570 0.197783
v -0.683292 3.603007 0.271092
v -0.891214 4.239255 0.287272
v -0.984839 4.112698 0.254912
v -1.017716 3.963413 0.243548
v -0.984839 3.814128 0.254912
v -0.891214 3.687570 0.287272
v -0.757902 4.323818 0.364268
v -0.916376 4.239255 0.392833
v -1.017716 4.112698 0.392833
v -1.053301 3.963413 0.392833
v -1.017716 3.814128 0.392833
v -0.916376 3.687570 0.392833
v -0.757902 3.603007 0.364268
v -0.891213 4.239255 0.498393
v -0.984839 4.112698 0.530754
v -1.017716 3.963413 0.542118
v -0.984839 3.814128 0.530754
v -0.891213 3.687570 0.498393
v -0.731702 4.323818 0.474177
v -0.819556 4.239255 0.587883
v -0.891213 4.112698 0.647678
v -0.916376 3.963413 0.668675
v -0.891213 3.814128 0.647678
v -0.819556 3.687570 0.587883
v -0.731702 3.603007 0.474177
v -0.712312 4.239255 0.647678
v -0.751093 4.112698 0.725804
v -0.764711 3.963413 0.753238
v -0.751093 3.814128 0.725804
v -0.712312 3.687570 0.647678
v -0.620041 4.323818 0.536436
v -0.585810 4.239255 0.668675
v -0.585810 4.112698 0.753238
v -0.585810 3.814128 0.753238
v -0.585810 3.687570 0.668675
v -0.620041 3.603007 0.536436
v -0.086249 2.998340 -1.081557
v -0.011888 2.971026 -1.068984
v 0.052646 2.922194 -1.079299
v 0.102954 2.855172 -1.093215
v 0.135608 2.774526 -1.107963
v 0.142628 2.686924 -1.125987
v 0.109084 2.492562 -1.159967
v -0.022169 2.973120 -1.095380
v 0.032784 2.926238 -1.108326
v 0.074865 2.860890 -1.127219
v 0.101206 2.781530 -1.148109
v 0.110013 2.693565 -1.166184
v 0.079432 2.498599 -1.201494
v -0.050258 2.978838 -1.128929
v -0.021480 2.937286 -1.157645
v -0.001763 2.877072 -1.180109
v 0.007218 2.800665 -1.200197
v 0.005183 2.714908 -1.220318
v -0.029096 2.520694 -1.254158
v -0.087118 2.994071 -1.137787
v -0.095606 2.952377 -1.189037
v -0.106706 2.897857 -1.217547
v -0.121172 2.826804 -1.242370
v -0.138018 2.744062 -1.258992
v -0.177348 2.550877 -1.287136
v -0.126999 2.994462 -1.128929
v -0.169733 2.967469 -1.157645
v -0.211423 2.919757 -1.180109
v -0.249562 2.852943 -1.200197
v -0.281218 2.773216 -1.220318
v -0.325601 2.581060 -1.254158
v -0.155088 3.000181 -1.095380
v -0.223997 2.978517 -1.108326
v -0.288278 2.934823 -1.127219
v -0.343550 2.872079 -1.148109
v -0.386049 2.794559 -1.166184
v -0.434129 2.603156 -1.201494
v -0.165370 3.002275 -1.068984
v -0.243859 2.982560 -1.079299
v -0.316367 2.940542 -1.093215
v -0.377952 2.879083 -1.107963
v -0.410031 2.799441 -1.125987
v -0.456587 2.607728 -1.159967
v -0.086249 2.998340 -1.044482
v -0.011888 2.971026 -1.044482
v 0.052646 2.922194 -1.044482
v 0.102954 2.855172 -1.044482
v 0.135608 2.774526 -1.044482
v 0.142628 2.686924 -1.044482
v 0.099284 2.522711 -1.079650
v -0.165370 3.002275 -1.044482
v -0.243859 2.982560 -1.044482
v -0.316367 2.940542 -1.044482
v -0.377952 2.879083 -1.044482
v -0.410031 2.799441 -1.044482
v -0.440337 2.621772 -1.089921
v -0.415906 1.134173 -1.300503
v -0.422428 1.135501 -1.325343
v -0.440247 1.139129 -1.343527
v -0.464587 1.144084 -1.350184
v -0.488928 1.149040 -1.343527
v -0.506747 1.152668 -1.325343
v -0.513269 1.153996 -1.300503
v -0.415906 1.134173 -1.286906
v -0.513269 1.153996 -1.286906
v -0.283981 2.521734 -1.076500
v -0.090647 2.482373 -1.076500
v -0.480814 1.147388 -1.272838
v -0.448360 1.140781 -1.272838
v -0.076852 2.973969 -1.008233
v -0.022552 2.954024 -1.008233
v 0.024572 2.918365 -1.008233
v 0.061308 2.869424 -1.008233
v 0.085153 2.810534 -1.008233
v 0.094482 2.745710 -1.008233
v 0.073139 2.603140 -1.008233
v -0.134628 2.976841 -1.008233
v -0.191943 2.962446 -1.008233
v -0.244890 2.931763 -1.008233
v -0.289861 2.886884 -1.008233
v -0.323792 2.830867 -1.008233
v -0.359890 2.691301 -1.008233
v -0.215547 2.661914 -1.008233
v -0.071204 2.632527 -1.008233
v -0.077837 2.969133 -0.880743
v -0.032266 2.952394 -0.880743
v 0.007282 2.922469 -0.880743
v 0.038112 2.881395 -0.880743
v 0.058124 2.831974 -0.880743
v 0.065953 2.777571 -0.880743
v 0.048041 2.657921 -0.880743
v -0.126324 2.971544 -0.880743
v -0.174425 2.959463 -0.880743
v -0.218860 2.933712 -0.880743
v -0.256601 2.896049 -0.880743
v -0.285077 2.849037 -0.880743
v -0.315372 2.731909 -0.880743
v -0.194234 2.707246 -0.880743
v -0.073097 2.682583 -0.880743
v -0.086249 2.998340 1.081557
v -0.011888 2.971026 1.068985
v 0.052646 2.922194 1.079299
v 0.102954 2.855172 1.093215
v 0.135608 2.774526 1.107963
v 0.142628 2.686924 1.125988
v 0.109084 2.492562 1.159967
v -0.022169 2.973120 1.095380
v 0.032784 2.926238 1.108326
v 0.074865 2.860890 1.127220
v 0.101206 2.781530 1.148109
v 0.110013 2.693565 1.166184
v 0.079432 2.498599 1.201494
v -0.050258 2.978838 1.128930
v -0.021480 2.937286 1.157646
v -0.001763 2.877072 1.180110
v 0.007218 2.800665 1.200197
v 0.005183 2.714908 1.220318
v -0.029096 2.520694 1.254158
v -0.087118 2.994071 1.137787
v -0.095606 2.952377 1.189037
v -0.106706 2.897857 1.217547
v -0.121172 2.826804 1.242370
v -0.138018 2.744062 1.258993
v -0.177348 2.550877 1.287137
v -0.126999 2.994462 1.128930
v -0.169733 2.967469 1.157646
v -0.211423 2.919757 1.180110
v -0.249562 2.852943 1.200197
v -0.281218 2.773216 1.220318
v -0.325601 2.581060 1.254158
v -0.155088 3.000181 1.095380
v -0.223997 2.978517 1.108326
v -0.288278 2.934823 1.127220
v -0.343550 2.872079 1.148109
v -0.386049 2.794559 1.166184
v -0.434129 2.603156 1.201494
v -0.165370 3.002275 1.068985
v -0.243859 2.982560 1.079299
v -0.316367 2.940542 1.093215
v -0.377952 2.879083 1.107963
v -0.410031 2.799441 1.125988
v -0.456587 2.607728 1.159967
v -0.086249 2.998340 1.044483
v -0.011888 2.971026 1.044483
v 0.052646 2.922194 1.044483
v 0.102954 2.855172 1.044483
v 0.135608 2.774526 1.044483
v 0.142628 2.686924 1.044483
v 0.099284 2.522711 1.079650
v -0.165370 3.002275 1.044483
v -0.243859 2.982560 1.044483
v -0.316367 2.940542 1.044483
v -0.377952 2.879083 1.044483
v -0.410031 2.799441 1.044483
v -0.440337 2.621772 1.089921
v -0.415906 1.134173 1.300503
v -0.422428 1.135501 1.325344
v -0.440247 1.139129 1.343527
v -0.464587 1.144084 1.350184
v -0.488928 1.149040 1.343527
v -0.506747 1.152668 1.325344
v -0.513269 1.153996 1.300503
v -0.415906 1.134173 1.286907
v -0.513269 1.153996 1.286907
v -0.283981 2.521734 1.076500
v -0.090647 2.482373 1.076500
v -0.480814 1.147388 1.272838
v -0.448360 1.140781 1.272838
v -0.076852 2.973969 1.008234
v -0.022552 2.954024 1.008234
v 0.024572 2.918365 1.008234
v 0.061308 2.869424 1.008234
v 0.085153 2.810534 1.008234
v 0.094482 2.745710 1.008234
v 0.073139 2.603140 1.008234
v -0.134628 2.976841 1.008234
v -0.191943 2.962446 1.008234
v -0.244890 2.931763 1.008234
v -0.289861 2.886884 1.008234
v -0.323792 2.830867 1.008234
v -0.359890 2.691301 1.008234
v -0.215547 2.661914 1.008234
v -0.071204 2.632527 1.008234
v -0.077837 2.969133 0.880743
v -0.032266 2.952394 0.880743
v 0.007282 2.922469 0.880743
v 0.038112 2.881395 0.880743
v 0.058124 2.831974 0.880743
v 0.065953 2.777571 0.880743
v 0.048041 2.657921 0.880743
v -0.126324 2.971544 0.880743
v -0.174425 2.959463 0.880743
v -0.218860 2.933712 0.880743
v -0.256601 2.896049 0.880743
v -0.285077 2.849037 0.880743
v -0.315372 2.731909 0.880743
v -0.194234 2.707246 0.880743
v -0.073097 2.682583 0.880743
v -0.179081 3.114788 -0.908475
v -0.351963 3.114005 -0.856035
v -0.511293 3.112920 -0.770877
v -0.650946 3.111573 -0.656273
v -0.765556 3.110018 -0.516627
v -0.850718 3.108313 -0.357305
v -0.903161 3.106524 -0.184430
v -0.920867 3.104721 -0.004646
v -0.903158 3.102971 0.175138
v -0.850713 3.101343 0.348013
v -0.765549 3.099899 0.507336
v -0.650937 3.098694 0.646984
v -0.511282 3.097775 0.761591
v -0.351951 3.097177 0.846752
v -0.179068 3.096923 0.899195
v 0.000725 3.097023 0.916903
v 0.180517 3.097474 0.899197
v 0.353400 3.098256 0.846758
v 0.512730 3.099341 0.761599
v 0.652383 3.100688 0.646995
v 0.766993 3.102243 0.507348
v 0.852156 3.103948 0.348027
v 0.904598 3.105737 0.175152
v 0.922305 3.107541 -0.004632
v 0.904596 3.109290 -0.184416
v 0.852151 3.110919 -0.357292
v 0.766986 3.112363 -0.516615
v 0.652373 3.113567 -0.656263
v 0.512719 3.114486 -0.770870
v 0.353388 3.115084 -0.856031
v 0.180504 3.115338 -0.908473
v 0.000711 3.115238 -0.926182
v 0.000669 -0.000000 -0.627781
v -0.000000 1.092010 -0.750445
v 0.048954 -0.000000 -0.612889
v 0.120152 1.092010 -0.711406
v 0.079264 -0.000000 -0.572460
v 0.194409 1.092010 -0.609199
v 0.080022 -0.000000 -0.521936
v 0.194409 1.092010 -0.482864
v 0.050938 -0.000000 -0.480616
v 0.120152 1.092010 -0.380657
v 0.003121 -0.000000 -0.464282
v -0.000000 1.092010 -0.341618
v -0.045164 -0.000000 -0.479174
v -0.120151 1.092010 -0.380657
v -0.075474 -0.000000 -0.519603
v -0.194409 1.092010 -0.482864
v -0.076232 -0.000000 -0.570127
v -0.194409 1.092010 -0.609199
v -0.047148 -0.000000 -0.611447
v -0.120151 1.092010 -0.711406
v 0.005117 -0.000000 0.588664
v -0.000000 1.092010 0.711383
v 0.052521 -0.000000 0.571168
v 0.120152 1.092010 0.672343
v 0.080587 -0.000000 0.529150
v 0.194409 1.092010 0.570136
v 0.078596 -0.000000 0.478660
v 0.194409 1.092010 0.443802
v 0.047308 -0.000000 0.438983
v 0.120152 1.092010 0.341595
v -0.001327 -0.000000 0.425274
v -0.000000 1.092010 0.302555
v -0.048731 -0.000000 0.442770
v -0.120151 1.092010 0.341595
v -0.076797 -0.000000 0.484788
v -0.194409 1.092010 0.443802
v -0.074806 -0.000000 0.535278
v -0.194409 1.092010 0.570136
v -0.043518 -0.000000 0.574955
v -0.120151 1.092010 0.672343
v 0.001390 -0.000000 -0.579714
v 0.002400 -0.000000 -0.512349
v 0.000664 -0.000000 0.475764
v 0.003126 -0.000000 0.538174
v 0.000000 0.942001 -1.031508
v -0.201236 0.942001 -1.011686
v -0.394740 0.942001 -0.952988
v -0.573074 0.942001 -0.857667
v -0.729385 0.942001 -0.729386
v -0.857666 0.942001 -0.573075
v -0.952988 0.942001 -0.394741
v -1.011686 0.942001 -0.201237
v -1.031506 0.942001 -0.000000
v -1.011686 0.942001 0.201237
v -0.952988 0.942001 0.394740
v -0.857667 0.942001 0.573074
v -0.729386 0.942001 0.729385
v -0.573075 0.942001 0.857666
v -0.394741 0.942001 0.952988
v -0.201237 0.942001 1.011687
v -0.000000 0.942001 1.031507
v 0.201237 0.942001 1.011687
v 0.394740 0.942001 0.952988
v 0.573074 0.942001 0.857667
v 0.729385 0.942001 0.729386
v 0.857667 0.942001 0.573075
v 0.952988 0.942001 0.394741
v 1.011687 0.942001 0.201237
v 1.031507 0.942001 0.000000
v 1.011687 0.942001 -0.201237
v 0.952989 0.942001 -0.394741
v 0.857667 0.942001 -0.573075
v 0.729386 0.942001 -0.729386
v 0.573075 0.942001 -0.857667
v 0.394741 0.942001 -0.952989
v 0.201237 0.942001 -1.011687
v 0.000000 1.827927 -1.026132
v -0.000000 1.791922 -1.042472
v -0.203376 1.791922 -1.022441
v -0.200188 1.827927 -1.006414
v -0.398936 1.791922 -0.963118
v -0.392682 1.827927 -0.948022
v -0.579166 1.791922 -0.866784
v -0.570088 1.827927 -0.853197
v -0.737139 1.791922 -0.737139
v -0.725584 1.827927 -0.725584
v -0.866783 1.791922 -0.579167
v -0.853197 1.827927 -0.570088
v -0.963118 1.791922 -0.398937
v -0.948021 1.827927 -0.392684
v -1.022441 1.791922 -0.203377
v -1.006414 1.827927 -0.200189
v -1.042472 1.791922 -0.000000
v -1.026131 1.827927 -0.000000
v -1.022441 1.791922 0.203376
v -1.006414 1.827927 0.200188
v -0.963119 1.791922 0.398936
v -0.948022 1.827927 0.392683
v -0.866784 1.791922 0.579166
v -0.853197 1.827927 0.570087
v -0.737139 1.791922 0.737139
v -0.725585 1.827927 0.725584
v -0.579167 1.791922 0.866783
v -0.570088 1.827927 0.853197
v -0.398937 1.791922 0.963118
v -0.392684 1.827927 0.948021
v -0.203377 1.791922 1.022441
v -0.200189 1.827927 1.006414
v -0.000000 1.791922 1.042472
v -0.000000 1.827927 1.026131
v 0.203376 1.791922 1.022441
v 0.200188 1.827927 1.006414
v 0.398936 1.791922 0.963119
v 0.392683 1.827927 0.948022
v 0.579166 1.791922 0.866784
v 0.570088 1.827927 0.853197
v 0.737139 1.791922 0.737140
v 0.725584 1.827927 0.725585
v 0.866784 1.791922 0.579167
v 0.853197 1.827927 0.570088
v 0.963119 1.791922 0.398937
v 0.948022 1.827927 0.392684
v 1.022442 1.791922 0.203376
v 1.006415 1.827927 0.200189
v 1.042473 1.791922 0.000000
v 1.026132 1.827927 0.000000
v 1.022442 1.791922 -0.203376
v 1.006415 1.827927 -0.200188
v 0.963119 1.791922 -0.398937
v 0.948022 1.827927 -0.392684
v 0.866784 1.791922 -0.579167
v 0.853198 1.827927 -0.570088
v 0.737139 1.791922 -0.737139
v 0.725585 1.827927 -0.725585
v 0.579167 1.791922 -0.866784
v 0.570088 1.827927 -0.853197
v 0.398937 1.791922 -0.963119
v 0.392684 1.827927 -0.948022
v 0.203376 1.791922 -1.022442
v 0.200188 1.827927 -1.006415
v -0.000000 0.975592 -1.042472
v -0.203376 0.975592 -1.022441
v -0.398936 0.975592 -0.963118
v -0.579166 0.975592 -0.866784
v -0.737139 0.975592 -0.737139
v -0.866783 0.975592 -0.579167
v -0.963118 0.975592 -0.398937
v -1.022441 0.975592 -0.203377
v -1.042472 0.975592 -0.000000
v -1.022441 0.975592 0.203376
v -0.963119 0.975592 0.398936
v -0.866784 0.975592 0.579166
v -0.737139 0.975592 0.737139
v -0.579167 0.975592 0.866783
v -0.398937 0.975592 0.963118
v -0.203377 0.975592 1.022441
v -0.000000 0.975592 1.042472
v 0.203376 0.975592 1.022441
v 0.398936 0.975592 0.963119
v 0.579166 0.975592 0.866784
v 0.737139 0.975592 0.737140
v 0.866784 0.975592 0.579167
v 0.963119 0.975592 0.398937
v 1.022442 0.975592 0.203376
v 1.042473 0.975592 0.000000
v 1.022442 0.975592 -0.203376
v 0.963119 0.975592 -0.398937
v 0.866784 0.975592 -0.579167
v 0.737139 0.975592 -0.737139
v 0.579167 0.975592 -0.866784
v 0.398937 0.975592 -0.963119
v 0.203376 0.975592 -1.022442
v 0.000000 3.542656 -0.886091
v 0.000000 3.573018 -0.907625
v 0.000000 3.551548 -0.901318
v 0.177069 3.573018 -0.890186
v 0.172868 3.542656 -0.869065
v 0.175838 3.551548 -0.884000
v 0.347333 3.573018 -0.838536
v 0.339092 3.542656 -0.818641
v 0.344920 3.551548 -0.832709
v 0.504250 3.573018 -0.754663
v 0.492286 3.542656 -0.736757
v 0.500745 3.551548 -0.749418
v 0.641788 3.573018 -0.641788
v 0.626561 3.542656 -0.626561
v 0.637328 3.551548 -0.637328
v 0.754663 3.573018 -0.504250
v 0.736758 3.542656 -0.492286
v 0.749418 3.551548 -0.500745
v 0.838537 3.573018 -0.347333
v 0.818641 3.542656 -0.339092
v 0.832709 3.551548 -0.344919
v 0.890186 3.573018 -0.177069
v 0.869065 3.542656 -0.172868
v 0.884000 3.551548 -0.175838
v 0.907625 3.573018 0.000000
v 0.886091 3.542656 0.000000
v 0.901318 3.551548 0.000000
v 0.890186 3.573018 0.177069
v 0.869065 3.542656 0.172868
v 0.884000 3.551548 0.175839
v 0.838537 3.573018 0.347333
v 0.818641 3.542656 0.339092
v 0.832709 3.551548 0.344920
v 0.754663 3.573018 0.504250
v 0.736758 3.542656 0.492286
v 0.749418 3.551548 0.500746
v 0.641788 3.573018 0.641788
v 0.626561 3.542656 0.626561
v 0.637328 3.551548 0.637328
v 0.504250 3.573018 0.754663
v 0.492286 3.542656 0.736758
v 0.500745 3.551548 0.749419
v 0.347333 3.573018 0.838537
v 0.339092 3.542656 0.818641
v 0.344920 3.551548 0.832709
v 0.177069 3.573018 0.890186
v 0.172868 3.542656 0.869065
v 0.175838 3.551548 0.884000
v 0.000000 3.573018 0.907625
v 0.000000 3.542656 0.886091
v 0.000000 3.551548 0.901318
v -0.177069 3.573018 0.890186
v -0.172868 3.542656 0.869065
v -0.175838 3.551548 0.884000
v -0.347333 3.573018 0.838537
v -0.339092 3.542656 0.818641
v -0.344920 3.551548 0.832709
v -0.504250 3.573018 0.754663
v -0.492286 3.542656 0.736758
v -0.500746 3.551548 0.749419
v -0.641788 3.573018 0.641788
v -0.626561 3.542656 0.626561
v -0.637328 3.551548 0.637328
v -0.754663 3.573018 0.504250
v -0.736758 3.542656 0.492286
v -0.749418 3.551548 0.500746
v -0.838537 3.573018 0.347333
v -0.818641 3.542656 0.339092
v -0.832709 3.551548 0.344920
v -0.890186 3.573018 0.177069
v -0.869065 3.542656 0.172868
v -0.884000 3.551548 0.175839
v -0.907625 3.573018 0.000000
v -0.886091 3.542656 0.000000
v -0.901318 3.551548 0.000000
v -0.890186 3.573018 -0.177069
v -0.869065 3.542656 -0.172868
v -0.884000 3.551548 -0.175838
v -0.838537 3.573018 -0.347333
v -0.818641 3.542656 -0.339092
v -0.832709 3.551548 -0.344919
v -0.754663 3.573018 -0.504250
v -0.736758 3.542656 -0.492286
v -0.749418 3.551548 -0.500745
v -0.641788 3.573018 -0.641788
v -0.626561 3.542656 -0.626561
v -0.637328 3.551548 -0.637328
v -0.504250 3.573018 -0.754663
v -0.492286 3.542656 -0.736757
v -0.500746 3.551548 -0.749418
v -0.347333 3.573018 -0.838536
v -0.339092 3.542656 -0.818641
v -0.344920 3.551548 -0.832709
v -0.177069 3.573018 -0.890186
v -0.172868 3.542656 -0.869065
v -0.175838 3.551548 -0.884000
v 0.177069 3.650121 -0.890186
v 0.130927 4.389588 -0.658215
v 0.150519 4.246413 -0.756710
v 0.165077 4.085814 -0.829899
v 0.174042 3.872235 -0.874968
v 0.000000 3.650121 -0.907625
v 0.000000 3.872235 -0.892109
v 0.000000 4.085814 -0.846157
v 0.000000 4.246413 -0.771535
v 0.000000 4.389588 -0.671111
v 0.053527 4.507089 -0.543471
v 0.039909 4.594399 -0.405204
v 0.025133 4.648165 -0.255176
v 0.347333 3.650121 -0.838536
v 0.120871 4.648165 -0.226134
v 0.191936 4.594399 -0.359087
v 0.257430 4.507089 -0.481618
v 0.256823 4.389588 -0.620025
v 0.295254 4.246413 -0.712805
v 0.323810 4.085814 -0.781747
v 0.341395 3.872235 -0.824201
v 0.504250 3.650121 -0.754663
v 0.372849 4.389588 -0.558008
v 0.428642 4.246413 -0.641508
v 0.470100 4.085814 -0.703554
v 0.495629 3.872235 -0.741762
v 0.641788 3.650121 -0.641788
v 0.198208 4.648165 -0.162665
v 0.314743 4.594399 -0.258303
v 0.422142 4.507089 -0.346443
v 0.474547 4.389588 -0.474547
v 0.545558 4.246413 -0.545558
v 0.598323 4.085814 -0.598324
v 0.630816 3.872235 -0.630816
v 0.754663 3.650121 -0.504250
v 0.558008 4.389588 -0.372849
v 0.641508 4.246413 -0.428642
v 0.703554 4.085814 -0.470100
v 0.741762 3.872235 -0.495629
v 0.838537 3.650121 -0.347333
v 0.245370 4.648165 -0.074432
v 0.389633 4.594399 -0.118194
v 0.522586 4.507089 -0.158525
v 0.620025 4.389588 -0.256823
v 0.712806 4.246413 -0.295254
v 0.781747 4.085814 -0.323810
v 0.824202 3.872235 -0.341396
v 0.890186 3.650121 -0.177069
v 0.658216 4.389588 -0.130927
v 0.756710 4.246413 -0.150519
v 0.829899 4.085814 -0.165077
v 0.874968 3.872235 -0.174042
v 0.907625 3.650121 0.000000
v 0.255176 4.648165 0.025133
v 0.405204 4.594399 0.039909
v 0.543471 4.507089 0.053527
v 0.671111 4.389588 0.000000
v 0.771535 4.246413 0.000000
v 0.846157 4.085814 0.000000
v 0.892109 3.872235 0.000000
v 0.890186 3.650121 0.177069
v 0.658216 4.389588 0.130927
v 0.756710 4.246413 0.150519
v 0.829899 4.085814 0.165077
v 0.874968 3.872235 0.174042
v 0.838537 3.650121 0.347333
v 0.226134 4.648165 0.120872
v 0.359087 4.594399 0.191936
v 0.481618 4.507089 0.257430
v 0.620025 4.389588 0.256823
v 0.712806 4.246413 0.295254
v 0.781747 4.085814 0.323810
v 0.824202 3.872235 0.341395
v 0.754663 3.650121 0.504250
v 0.558008 4.389588 0.372849
v 0.641508 4.246413 0.428642
v 0.703554 4.085814 0.470100
v 0.741762 3.872235 0.495629
v 0.641788 3.650121 0.641788
v 0.162665 4.648165 0.198208
v 0.258303 4.594399 0.314743
v 0.346443 4.507089 0.422142
v 0.474547 4.389588 0.474547
v 0.545558 4.246413 0.545558
v 0.598323 4.085814 0.598324
v 0.630816 3.872235 0.630817
v 0.504250 3.650121 0.754663
v 0.372849 4.389588 0.558008
v 0.428642 4.246413 0.641508
v 0.470100 4.085814 0.703554
v 0.495629 3.872235 0.741762
v 0.347333 3.650121 0.838537
v 0.074432 4.648165 0.245370
v 0.118194 4.594399 0.389633
v 0.158525 4.507089 0.522586
v 0.256823 4.389588 0.620025
v 0.295254 4.246413 0.712806
v 0.323810 4.085814 0.781747
v 0.341395 3.872235 0.824201
v 0.177069 3.650121 0.890186
v 0.130927 4.389588 0.658216
v 0.150519 4.246413 0.756710
v 0.165077 4.085814 0.829899
v 0.174042 3.872235 0.874968
v 0.000000 3.650121 0.907625
v -0.025133 4.648165 0.255176
v -0.039909 4.594399 0.405205
v -0.053527 4.507089 0.543471
v 0.000000 4.389588 0.671111
v 0.000000 4.246413 0.771535
v 0.000000 4.085814 0.846157
v 0.000000 3.872235 0.892109
v -0.177069 3.650121 0.890186
v -0.130927 4.389588 0.658216
v -0.150519 4.246413 0.756710
v -0.165077 4.085814 0.829899
v -0.174042 3.872235 0.874968
v -0.347333 3.650121 0.838537
v -0.120871 4.648165 0.226134
v -0.191936 4.594399 0.359088
v -0.257430 4.507089 0.481618
v -0.256823 4.389588 0.620025
v -0.295254 4.246413 0.712806
v -0.323810 4.085814 0.781747
v -0.341395 3.872235 0.824201
v -0.504250 3.650121 0.754663
v -0.372849 4.389588 0.558008
v -0.428642 4.246413 0.641508
v -0.470100 4.085814 0.703554
v -0.495629 3.872235 0.741762
v -0.641788 3.650121 0.641788
v -0.198208 4.648165 0.162665
v -0.314743 4.594399 0.258303
v -0.422142 4.507089 0.346443
v -0.474547 4.389588 0.474547
v -0.545558 4.246413 0.545558
v -0.598323 4.085814 0.598324
v -0.630816 3.872235 0.630817
v -0.754663 3.650121 0.504250
v -0.558008 4.389588 0.372849
v -0.641508 4.246413 0.428642
v -0.703554 4.085814 0.470100
v -0.741762 3.872235 0.495629
v -0.838537 3.650121 0.347333
v -0.245370 4.648165 0.074432
v -0.389633 4.594399 0.118194
v -0.522586 4.507089 0.158525
v -0.620025 4.389588 0.256823
v -0.712806 4.246413 0.295254
v -0.781747 4.085814 0.323810
v -0.824201 3.872235 0.341395
v -0.890186 3.650121 0.177069
v -0.658216 4.389588 0.130927
v -0.756710 4.246413 0.150519
v -0.829899 4.085814 0.165077
v -0.874968 3.872235 0.174042
v -0.907625 3.650121 0.000000
v -0.255176 4.648165 -0.025133
v -0.405204 4.594399 -0.039909
v -0.543471 4.507089 -0.053527
v -0.671111 4.389588 0.000000
v -0.771535 4.246413 0.000000
v -0.846157 4.085814 0.000000
v -0.892109 3.872235 0.000000
v -0.890186 3.650121 -0.177069
v -0.658216 4.389588 -0.130927
v -0.756710 4.246413 -0.150519
v -0.829899 4.085814 -0.165077
v -0.874968 3.872235 -0.174042
v -0.838537 3.650121 -0.347333
v -0.226134 4.648165 -0.120871
v -0.359088 4.594399 -0.191936
v -0.481618 4.507089 -0.257430
v -0.620025 4.389588 -0.256823
v -0.712806 4.246413 -0.295254
v -0.781747 4.085814 -0.323810
v -0.824201 3.872235 -0.341396
v -0.754663 3.650121 -0.504250
v -0.558008 4.389588 -0.372849
v -0.641508 4.246413 -0.428642
v -0.703554 4.085814 -0.470100
v -0.741762 3.872235 -0.495629
v -0.641788 3.650121 -0.641788
v -0.162665 4.648165 -0.198208
v -0.258303 4.594399 -0.314743
v -0.346443 4.507089 -0.422142
v -0.474547 4.389588 -0.474547
v -0.545558 4.246413 -0.545558
v -0.598324 4.085814 -0.598324
v -0.630816 3.872235 -0.630816
v -0.504250 3.650121 -0.754663
v -0.372849 4.389588 -0.558008
v -0.428642 4.246413 -0.641508
v -0.470100 4.085814 -0.703554
v -0.495629 3.872235 -0.741762
v -0.347333 3.650121 -0.838536
v -0.074432 4.648165 -0.245370
v -0.118194 4.594399 -0.389633
v -0.158525 4.507089 -0.522586
v -0.256823 4.389588 -0.620025
v -0.295254 4.246413 -0.712805
v -0.323810 4.085814 -0.781747
v -0.341395 3.872235 -0.824201
v -0.177069 3.650121 -0.890186
v -0.130927 4.389588 -0.658215
v -0.150519 4.246413 -0.756710
v -0.165077 4.085814 -0.829899
v -0.174042 3.872235 -0.874968
v 0.000000 4.666320 0.000000
v 0.028366 4.666320 -0.093510
v 0.086179 4.666320 -0.046064
v 0.093510 4.666320 0.028366
v 0.046064 4.666320 0.086179
v -0.028366 4.666320 0.093510
v -0.086179 4.666320 0.046064
v -0.093510 4.666320 -0.028366
v -0.046064 4.666320 -0.086179
v -0.000007 3.584143 -0.862182
v 0.168205 3.584237 -0.845615
v 0.329953 3.583999 -0.796550
v 0.479021 3.583440 -0.716875
v 0.609680 3.582580 -0.609650
v 0.716910 3.581453 -0.478997
v 0.796589 3.580101 -0.329936
v 0.845656 3.578578 -0.168196
v 0.862224 3.576941 0.000007
v 0.845658 3.575253 0.168211
v 0.796594 3.573580 0.329950
v 0.716916 3.571985 0.479009
v 0.609689 3.570530 0.609661
v 0.479031 3.569271 0.716883
v 0.329965 3.568255 0.796556
v 0.168218 3.567523 0.845618
v 0.000006 3.567101 0.862183
v -0.168205 3.567008 0.845615
v -0.329953 3.567245 0.796551
v -0.479021 3.567805 0.716876
v -0.609680 3.568665 0.609651
v -0.716909 3.569792 0.478998
v -0.796588 3.571143 0.329937
v -0.845655 3.572666 0.168197
v -0.862224 3.574303 -0.000006
v -0.845657 3.575991 -0.168209
v -0.796593 3.577664 -0.329949
v -0.716916 3.579259 -0.479008
v -0.609688 3.580715 -0.609659
v -0.479031 3.581974 -0.716881
v -0.329964 3.582989 -0.796554
v -0.168217 3.583722 -0.845616
v -0.168131 3.527301 -0.846173
v 0.845742 3.522158 -0.168754
v 0.168292 3.527816 -0.846172
v 0.000080 3.527722 -0.862740
v -0.796507 3.521244 -0.330506
v 0.330039 3.527578 -0.797108
v -0.329867 3.510825 0.795994
v -0.845569 3.516245 0.167640
v 0.796675 3.523681 -0.330494
v 0.716996 3.525032 -0.479555
v 0.479117 3.512850 0.716326
v -0.329878 3.526568 -0.797112
v -0.478944 3.525553 -0.717439
v 0.796680 3.517159 0.329393
v -0.796502 3.514722 0.329380
v -0.716823 3.513371 0.478440
v -0.168119 3.510587 0.845058
v 0.000093 3.510681 0.861626
v 0.845744 3.518833 0.167653
v 0.862310 3.520521 -0.000550
v -0.845571 3.519570 -0.168767
v -0.862137 3.517882 -0.000564
v -0.609602 3.524294 -0.610217
v -0.716830 3.522839 -0.479565
v 0.609766 3.526159 -0.610208
v 0.479107 3.527019 -0.717432
v 0.609775 3.514109 0.609103
v 0.717003 3.515564 0.478452
v 0.168304 3.511102 0.845061
v 0.330051 3.511834 0.795999
v -0.609594 3.512244 0.609093
v -0.478934 3.511384 0.716318
v 0.852193 3.504698 -0.170204
v 0.000106 3.510305 -0.869463
v -0.802532 3.503778 -0.333185
v 0.332573 3.510160 -0.803332
v -0.332347 3.493279 0.801872
v -0.851966 3.498741 0.168745
v 0.722469 3.507595 -0.483366
v 0.482783 3.495320 0.721599
v -0.482557 3.508120 -0.723058
v 0.802758 3.499662 0.331726
v -0.722243 3.495845 0.481907
v 0.000119 3.493134 0.868003
v 0.868888 3.503049 -0.000723
v -0.868661 3.500391 -0.000736
v -0.722249 3.505384 -0.483377
v 0.482773 3.509597 -0.723051
v 0.722476 3.498055 0.481918
v 0.332584 3.494297 0.801877
v -0.482547 3.493843 0.721591
v -0.169382 3.509881 -0.852771
v 0.169596 3.510399 -0.852769
v 0.802754 3.506233 -0.333173
v -0.332358 3.509143 -0.803336
v -0.802527 3.497207 0.331714
v -0.169370 3.493040 0.851309
v 0.852195 3.501348 0.168758
v -0.851969 3.502091 -0.170218
v -0.614207 3.506851 -0.615021
v 0.614425 3.508730 -0.615012
v 0.614434 3.496589 0.613562
v 0.169609 3.493559 0.851312
v -0.614199 3.494709 0.613552
v -0.157548 2.936689 -0.803345
v -0.309987 2.935999 -0.757106
v -0.450476 2.935042 -0.682018
v -0.573615 2.933855 -0.580966
v -0.674672 2.932484 -0.457833
v -0.749764 2.930980 -0.317351
v -0.796005 2.929403 -0.164920
v -0.811618 2.927813 -0.006395
v -0.796003 2.926270 0.152129
v -0.749759 2.924834 0.304561
v -0.674666 2.923561 0.445044
v -0.573607 2.922498 0.568179
v -0.450466 2.921688 0.669233
v -0.309977 2.921161 0.744324
v -0.157537 2.920937 0.790565
v 0.000995 2.921025 0.806179
v 0.159527 2.921422 0.790567
v 0.311966 2.922112 0.744329
v 0.452455 2.923069 0.669240
v 0.575593 2.924257 0.568188
v 0.676651 2.925628 0.445055
v 0.751743 2.927131 0.304573
v 0.797984 2.928709 0.152141
v 0.813597 2.930299 -0.006383
v 0.797982 2.931842 -0.164907
v 0.751738 2.933278 -0.317340
v 0.676644 2.934551 -0.457823
v 0.575585 2.935613 -0.580958
v 0.452445 2.936423 -0.682012
v 0.311955 2.936951 -0.757102
v 0.159515 2.937174 -0.803343
v 0.000983 2.937086 -0.818958
v -0.131129 2.802621 -0.672870
v -0.258360 2.802045 -0.634278
v -0.375617 2.801246 -0.571606
v -0.478393 2.800255 -0.487265
v -0.562739 2.799110 -0.384493
v -0.625414 2.797856 -0.267242
v -0.664008 2.796540 -0.140017
v -0.677039 2.795212 -0.007707
v -0.664006 2.793924 0.124603
v -0.625410 2.792726 0.251829
v -0.562734 2.791663 0.369081
v -0.478386 2.790777 0.471854
v -0.375609 2.790101 0.556197
v -0.258351 2.789660 0.618871
v -0.131119 2.789474 0.657465
v 0.001197 2.789547 0.670498
v 0.133514 2.789878 0.657467
v 0.260745 2.790454 0.618875
v 0.378002 2.791254 0.556204
v 0.480778 2.792244 0.471862
v 0.565124 2.793389 0.369090
v 0.627799 2.794643 0.251839
v 0.666393 2.795960 0.124614
v 0.679424 2.797287 -0.007696
v 0.666391 2.798575 -0.140007
v 0.627795 2.799773 -0.267233
v 0.565119 2.800836 -0.384485
v 0.480771 2.801723 -0.487257
v 0.377994 2.802399 -0.571601
v 0.260736 2.802839 -0.634274
v 0.133504 2.803026 -0.672869
v 0.001187 2.802952 -0.685901
v -0.120279 2.664617 -0.410132
v -0.264514 2.663635 -0.333041
v -0.368267 2.662227 -0.206623
v -0.415741 2.660607 -0.050126
v -0.399709 2.659024 0.112627
v -0.322613 2.657716 0.256856
v -0.196188 2.656884 0.360606
v -0.039682 2.656654 0.408081
v 0.123078 2.657062 0.392052
v 0.267314 2.658044 0.314961
v 0.371066 2.659452 0.188544
v 0.418541 2.661072 0.032046
v 0.402509 2.662656 -0.130706
v 0.325412 2.663963 -0.274936
v 0.198987 2.664795 -0.378686
v 0.042481 2.665025 -0.426161
v 0.001495 2.598343 -0.009658
v -0.214007 2.733352 -0.528126
v -0.108467 2.733829 -0.560139
v 0.313859 2.733645 -0.476135
v 0.399115 2.733085 -0.406171
v 0.001300 2.722985 0.554208
v -0.108459 2.722924 0.543397
v -0.311274 2.732689 -0.476139
v 0.216592 2.734011 -0.528124
v 0.111059 2.723259 0.543399
v -0.396528 2.731867 -0.406176
v 0.111051 2.734165 -0.560138
v 0.216600 2.723737 0.511386
v -0.466495 2.730918 -0.320926
v 0.001292 2.734104 -0.570949
v 0.313866 2.724400 0.459399
v -0.518485 2.729877 -0.223664
v 0.399121 2.725222 0.389436
v -0.550499 2.728785 -0.118128
v 0.469087 2.726171 0.304185
v -0.561309 2.727684 -0.008375
v 0.521077 2.727212 0.206923
v -0.550498 2.726616 0.101379
v 0.553092 2.728304 0.101388
v -0.518482 2.725622 0.206915
v 0.563901 2.729405 -0.008366
v -0.466491 2.724740 0.304178
v 0.553090 2.730474 -0.118120
v -0.396523 2.724005 0.389429
v 0.521074 2.731467 -0.223656
v -0.311267 2.723444 0.459394
v 0.469083 2.732349 -0.320919
v -0.214000 2.723079 0.511382
v 0.155705 3.617616 -0.782700
v -0.000058 3.617529 -0.798042
v 0.305483 3.617396 -0.737267
v 0.443520 3.616878 -0.663487
v 0.564510 3.616082 -0.564198
v 0.663804 3.615038 -0.443213
v 0.737587 3.613787 -0.305184
v 0.783022 3.612376 -0.155413
v 0.798365 3.610860 0.000343
v 0.783025 3.609298 0.156099
v 0.737591 3.607748 0.305869
v 0.663810 3.606271 0.443898
v 0.564518 3.604924 0.564880
v 0.443529 3.603757 0.664168
v 0.305494 3.602817 0.737945
v 0.155717 3.602139 0.783376
v -0.000046 3.601749 0.798715
v -0.155810 3.601662 0.783374
v -0.305587 3.601882 0.737940
v -0.443624 3.602400 0.664161
v -0.564614 3.603196 0.564871
v -0.663908 3.604240 0.443887
v -0.737690 3.605491 0.305857
v -0.783126 3.606902 0.156087
v -0.798468 3.608418 0.000331
v -0.783128 3.609980 -0.155425
v -0.737695 3.611530 -0.305195
v -0.663914 3.613007 -0.443223
v -0.564622 3.614354 -0.564206
v -0.443633 3.615520 -0.663494
v -0.305598 3.616461 -0.737271
v -0.155821 3.617139 -0.782702
v 0.109154 2.615290 0.191745
v 0.067788 2.619377 -0.228191
v 0.202906 2.618488 -0.117308
v 0.220040 2.616795 0.056636
v -0.064798 2.614855 0.208876
v -0.199915 2.615744 0.097992
v -0.217049 2.617437 -0.075951
v -0.106163 2.618942 -0.211060
v -0.177451 3.101311 -0.900520
v -0.179105 3.130499 -0.908320
v -0.348787 3.100536 -0.848550
v -0.351987 3.129717 -0.855880
v -0.506691 3.099460 -0.764153
v -0.511317 3.128632 -0.770722
v -0.645094 3.098126 -0.650574
v -0.650970 3.127285 -0.656117
v -0.758679 3.096585 -0.512178
v -0.765580 3.125730 -0.516471
v -0.843080 3.094895 -0.354282
v -0.850743 3.124025 -0.357149
v -0.895053 3.093122 -0.182954
v -0.903185 3.122236 -0.184275
v -0.912601 3.091335 -0.004779
v -0.920891 3.120432 -0.004491
v -0.895050 3.089601 0.173397
v -0.903182 3.118683 0.175293
v -0.843075 3.087987 0.344725
v -0.850738 3.117054 0.348168
v -0.758672 3.086556 0.502623
v -0.765573 3.115611 0.507491
v -0.645085 3.085362 0.641021
v -0.650961 3.114406 0.647140
v -0.506680 3.084451 0.754603
v -0.511306 3.113487 0.761746
v -0.348775 3.083858 0.839002
v -0.351975 3.112889 0.846907
v -0.177438 3.083607 0.890975
v -0.179092 3.112635 0.899350
v 0.000745 3.083706 0.908525
v 0.000701 3.112735 0.917058
v 0.178929 3.084152 0.890978
v 0.180493 3.113185 0.899353
v 0.350265 3.084928 0.839007
v 0.353376 3.113968 0.846913
v 0.508169 3.086004 0.754611
v 0.512706 3.115053 0.761755
v 0.646572 3.087338 0.641032
v 0.652359 3.116400 0.647150
v 0.760157 3.088880 0.502635
v 0.766969 3.117955 0.507504
v 0.844558 3.090569 0.344739
v 0.852132 3.119660 0.348182
v 0.896531 3.092342 0.173411
v 0.904574 3.121449 0.175307
v 0.914079 3.094129 -0.004764
v 0.922281 3.123252 -0.004477
v 0.896528 3.095863 -0.182940
v 0.904572 3.125002 -0.184261
v 0.844553 3.097477 -0.354269
v 0.852127 3.126630 -0.357136
v 0.760150 3.098908 -0.512166
v 0.766962 3.128075 -0.516460
v 0.646563 3.100102 -0.650565
v 0.652349 3.129279 -0.656108
v 0.508158 3.101013 -0.764146
v 0.512695 3.130198 -0.770715
v 0.350253 3.101605 -0.848545
v 0.353364 3.130796 -0.855875
v 0.178916 3.101857 -0.900518
v 0.180480 3.131050 -0.908318
v 0.000687 3.130949 -0.926027
v 0.000732 3.101758 -0.918069
v -0.176675 3.497828 -0.889646
v -0.179634 3.476811 -0.904897
v 0.176926 3.498369 -0.889645
v 0.179950 3.477361 -0.904896
v 0.837395 3.494023 -0.347636
v 0.851597 3.472941 -0.353714
v -0.346680 3.497058 -0.838079
v -0.352517 3.476028 -0.852457
v -0.837130 3.484607 0.345931
v -0.851267 3.463366 0.351591
v -0.176662 3.480261 0.887940
v -0.179622 3.458946 0.902772
v 0.888969 3.488928 0.175947
v 0.904044 3.467760 0.178730
v -0.888705 3.489702 -0.177651
v -0.903715 3.468547 -0.180852
v -0.640687 3.494667 -0.641641
v -0.651500 3.473597 -0.652695
v 0.640942 3.496628 -0.641632
v 0.651820 3.475590 -0.652686
v 0.640952 3.483963 0.639937
v 0.651829 3.462711 0.650573
v 0.176939 3.480802 0.887943
v 0.179964 3.459496 0.902775
v -0.640678 3.482002 0.639927
v -0.651491 3.460717 0.650562
v 0.904042 3.471313 -0.180838
v 0.888967 3.492422 -0.177637
v 0.000157 3.477261 -0.922604
v 0.000125 3.498271 -0.907058
v -0.851272 3.470336 -0.353727
v -0.837135 3.491462 -0.347649
v 0.352834 3.477107 -0.852453
v 0.346932 3.498120 -0.838075
v -0.352505 3.459200 0.850330
v -0.346668 3.480510 0.836370
v -0.903712 3.464994 0.178715
v -0.888702 3.486208 0.175933
v 0.766432 3.474386 -0.513037
v 0.753647 3.495443 -0.504308
v 0.512176 3.461365 0.765177
v 0.503623 3.482639 0.752635
v -0.511847 3.474943 -0.767299
v -0.503358 3.495991 -0.754338
v 0.851602 3.465971 0.351604
v 0.837400 3.487169 0.345944
v -0.766103 3.461922 0.510914
v -0.753383 3.483187 0.502603
v 0.000171 3.459046 0.920481
v 0.000139 3.480359 0.905354
v 0.921751 3.469563 -0.001054
v 0.906382 3.490701 -0.000845
v -0.921421 3.466744 -0.001069
v -0.906117 3.487929 -0.000859
v -0.766110 3.472041 -0.513049
v -0.753390 3.493138 -0.504319
v 0.512165 3.476509 -0.767292
v 0.503612 3.497532 -0.754331
v 0.766439 3.464266 0.510926
v 0.753654 3.485492 0.502615
v 0.352846 3.460279 0.850335
v 0.346945 3.481571 0.836376
v -0.511836 3.459798 0.765169
v -0.503348 3.481098 0.752626
vn 0.6344 -0.0000 0.7730
vn 0.7588 0.6470 -0.0747
vn -0.5894 0.6470 0.4837
vn 0.7296 0.6470 -0.2213
vn -0.4837 0.6470 0.5894
vn 0.6724 0.6470 -0.3594
vn -0.3594 0.6470 0.6724
vn -0.0747 0.6470 -0.7588
vn 0.5894 0.6470 -0.4837
vn -0.2213 0.6470 0.7296
vn -0.2213 0.6470 -0.7296
vn 0.4837 0.6470 -0.5894
vn -0.0747 0.6470 0.7588
vn -0.3594 0.6470 -0.6724
vn 0.3594 0.6470 -0.6724
vn 0.0747 0.6470 0.7588
vn -0.4837 0.6470 -0.5894
vn 0.2213 0.6470 -0.7296
vn 0.2213 0.6470 0.7296
vn -0.5894 0.6470 -0.4837
vn 0.0747 0.6470 -0.7588
vn 0.3594 0.6470 0.6724
vn -0.6724 0.6470 -0.3594
vn 0.4837 0.6470 0.5894
vn -0.7296 0.6470 -0.2213
vn 0.5894 0.6470 0.4837
vn -0.7588 0.6470 -0.0747
vn 0.6724 0.6470 0.3594
vn -0.7588 0.6470 0.0747
vn 0.7296 0.6470 0.2213
vn -0.7296 0.6470 0.2213
vn 0.7588 0.6470 0.0747
vn -0.6724 0.6470 0.3594
vn 0.8715 -0.1533 -0.4658
vn -0.9569 -0.0000 -0.2903
vn 0.7730 -0.0000 0.6344
vn -0.9952 -0.0000 -0.0980
vn 0.8819 -0.0000 0.4714
vn -0.9952 -0.0000 0.0980
vn 0.9569 -0.0000 0.2903
vn -0.9569 -0.0000 0.2903
vn 0.9952 -0.0000 0.0980
vn -0.8819 -0.0000 0.4714
vn 0.9952 -0.0000 -0.0980
vn -0.7730 -0.0000 0.6344
vn 0.9569 -0.0000 -0.2903
vn -0.6344 -0.0000 0.7730
vn 0.8819 -0.0000 -0.4714
vn -0.4714 -0.0000 0.8819
vn -0.0980 -0.0000 -0.9952
vn 0.7730 -0.0000 -0.6344
vn -0.2903 -0.0000 0.9569
vn -0.2903 -0.0000 -0.9569
vn 0.6344 -0.0000 -0.7730
vn -0.0980 -0.0000 0.9952
vn -0.4714 -0.0000 -0.8819
vn 0.4714 -0.0000 -0.8819
vn 0.0980 -0.0000 0.9952
vn -0.6344 -0.0000 -0.7730
vn 0.2903 -0.0000 -0.9569
vn 0.2903 -0.0000 0.9569
vn -0.7730 -0.0000 -0.6344
vn 0.0980 -0.0000 -0.9952
vn 0.4714 -0.0000 0.8819
vn -0.8819 -0.0000 -0.4714
vn -0.4271 -0.4234 -0.7990
vn -0.4658 -0.1533 0.8715
vn -0.0969 -0.1533 -0.9834
vn 0.7639 -0.1533 -0.6269
vn -0.2869 -0.1533 0.9456
vn -0.2869 -0.1533 -0.9456
vn 0.6269 -0.1533 -0.7639
vn -0.0969 -0.1533 0.9834
vn -0.4658 -0.1533 -0.8715
vn 0.4658 -0.1533 -0.8715
vn 0.0969 -0.1533 0.9834
vn -0.6269 -0.1533 -0.7639
vn 0.2869 -0.1533 -0.9456
vn 0.2869 -0.1533 0.9456
vn -0.7639 -0.1533 -0.6269
vn 0.0969 -0.1533 -0.9834
vn 0.4658 -0.1533 0.8715
vn -0.8715 -0.1533 -0.4658
vn 0.6269 -0.1533 0.7639
vn -0.9456 -0.1533 -0.2869
vn 0.7639 -0.1533 0.6269
vn -0.9834 -0.1533 -0.0969
vn 0.8715 -0.1533 0.4658
vn -0.9834 -0.1533 0.0969
vn 0.9456 -0.1533 0.2869
vn -0.9456 -0.1533 0.2869
vn 0.9834 -0.1533 0.0969
vn -0.8715 -0.1533 0.4658
vn 0.9834 -0.1533 -0.0969
vn -0.7639 -0.1533 0.6269
vn 0.9456 -0.1533 -0.2869
vn -0.6269 -0.1533 0.7639
vn 0.4271 -0.4234 -0.7990
vn 0.0888 -0.4234 0.9016
vn -0.5747 -0.4234 -0.7003
vn 0.2630 -0.4234 -0.8669
vn 0.2630 -0.4234 0.8669
vn -0.7003 -0.4234 -0.5747
vn 0.0888 -0.4234 -0.9016
vn 0.4271 -0.4234 0.7990
vn -0.7990 -0.4234 -0.4271
vn 0.5747 -0.4234 0.7003
vn -0.8669 -0.4234 -0.2630
vn 0.7003 -0.4234 0.5747
vn -0.9016 -0.4234 -0.0888
vn 0.7990 -0.4234 0.4271
vn -0.9016 -0.4234 0.0888
vn 0.8669 -0.4234 0.2630
vn -0.8669 -0.4234 0.2630
vn 0.9016 -0.4234 0.0888
vn -0.7990 -0.4234 0.4271
vn 0.9016 -0.4234 -0.0888
vn -0.7003 -0.4234 0.5747
vn 0.8669 -0.4234 -0.2630
vn -0.5747 -0.4234 0.7003
vn 0.7990 -0.4234 -0.4271
vn -0.4271 -0.4234 0.7990
vn -0.0888 -0.4234 -0.9016
vn 0.7003 -0.4234 -0.5747
vn -0.2630 -0.4234 0.8669
vn -0.2630 -0.4234 -0.8669
vn 0.5747 -0.4234 -0.7003
vn -0.0888 -0.4234 0.9016
vn -0.2121 -0.9616 0.1741
vn 0.2798 -0.9563 -0.0849
vn -0.1378 -0.9563 0.2578
vn 0.2121 -0.9616 -0.1741
vn -0.0849 -0.9563 -0.2797
vn -0.0269 -0.9616 0.2730
vn 0.1378 -0.9563 -0.2578
vn -0.1741 -0.9616 -0.2121
vn 0.0849 -0.9563 0.2798
vn 0.0269 -0.9616 -0.2730
vn -0.2578 -0.9563 -0.1378
vn 0.1741 -0.9616 0.2121
vn -0.2730 -0.9616 -0.0269
vn 0.2578 -0.9563 0.1378
vn -0.2798 -0.9563 0.0849
vn 0.2730 -0.9616 0.0269
vn -0.0000 1.0000 -0.0000
vn -0.0581 -0.8054 -0.5898
vn -0.1632 -0.8271 -0.5379
vn -0.2794 -0.8054 -0.5227
vn -0.3566 -0.8271 -0.4345
vn -0.4581 -0.8054 -0.3760
vn -0.4957 -0.8271 -0.2650
vn -0.5672 -0.8054 -0.1720
vn -0.5594 -0.8271 -0.0551
vn -0.5898 -0.8054 0.0581
vn -0.5379 -0.8271 0.1632
vn -0.5227 -0.8054 0.2794
vn -0.4345 -0.8271 0.3566
vn -0.3760 -0.8054 0.4581
vn -0.2650 -0.8271 0.4957
vn -0.1720 -0.8054 0.5672
vn -0.0551 -0.8271 0.5594
vn 0.0581 -0.8054 0.5898
vn 0.1632 -0.8271 0.5379
vn 0.2794 -0.8054 0.5227
vn 0.3566 -0.8271 0.4345
vn 0.4581 -0.8054 0.3760
vn 0.4957 -0.8271 0.2650
vn 0.5672 -0.8054 0.1720
vn 0.5594 -0.8271 0.0551
vn 0.5898 -0.8054 -0.0581
vn 0.5379 -0.8271 -0.1632
vn 0.5227 -0.8054 -0.2794
vn 0.4345 -0.8271 -0.3566
vn 0.3760 -0.8054 -0.4581
vn 0.2650 -0.8271 -0.4957
vn 0.1720 -0.8054 -0.5672
vn 0.0551 -0.8271 -0.5594
vn -0.0708 -0.6921 -0.7183
vn 0.0444 -0.8915 -0.4508
vn 0.0708 -0.6921 -0.7183
vn -0.2095 -0.6921 -0.6907
vn -0.1315 -0.8915 -0.4335
vn -0.3403 -0.6921 -0.6366
vn -0.4579 -0.6921 -0.5580
vn -0.2874 -0.8915 -0.3502
vn -0.5580 -0.6921 -0.4579
vn -0.6366 -0.6921 -0.3403
vn -0.3995 -0.8915 -0.2135
vn -0.6907 -0.6921 -0.2095
vn -0.7183 -0.6921 -0.0708
vn -0.4508 -0.8915 -0.0444
vn -0.7183 -0.6921 0.0708
vn -0.4335 -0.8915 0.1315
vn -0.6907 -0.6921 0.2095
vn -0.6366 -0.6921 0.3403
vn -0.5580 -0.6921 0.4579
vn -0.3502 -0.8915 0.2874
vn -0.4579 -0.6921 0.5580
vn -0.3403 -0.6921 0.6366
vn -0.2135 -0.8915 0.3995
vn -0.2095 -0.6921 0.6907
vn -0.0708 -0.6921 0.7183
vn -0.0444 -0.8915 0.4508
vn 0.0708 -0.6921 0.7183
vn 0.2095 -0.6921 0.6907
vn 0.1315 -0.8915 0.4335
vn 0.3403 -0.6921 0.6366
vn 0.4579 -0.6921 0.5580
vn 0.2874 -0.8915 0.3502
vn 0.5580 -0.6921 0.4579
vn 0.6366 -0.6921 0.3403
vn 0.3995 -0.8915 0.2135
vn 0.6907 -0.6921 0.2095
vn 0.7183 -0.6921 0.0708
vn 0.4508 -0.8915 0.0444
vn 0.7183 -0.6921 -0.0708
vn 0.6907 -0.6921 -0.2095
vn 0.4335 -0.8915 -0.1315
vn 0.6366 -0.6921 -0.3403
vn 0.5580 -0.6921 -0.4579
vn 0.3502 -0.8915 -0.2874
vn 0.4579 -0.6921 -0.5580
vn 0.3403 -0.6921 -0.6366
vn 0.2135 -0.8915 -0.3995
vn 0.2095 -0.6921 -0.6907
vn 0.0089 -0.9959 -0.0901
vn 0.0700 -0.9959 -0.0574
vn 0.0901 -0.9959 0.0089
vn 0.0574 -0.9959 0.0700
vn -0.0089 -0.9959 0.0901
vn -0.0700 -0.9959 0.0574
vn -0.0901 -0.9959 -0.0089
vn -0.0574 -0.9959 -0.0700
vn 0.1607 -0.1926 -0.9680
vn 0.1367 -0.5504 -0.8237
vn 0.0349 -0.9770 -0.2103
vn -0.1607 -0.1926 -0.9680
vn 0.1367 0.5504 -0.8237
vn 0.0864 -0.8493 -0.5207
vn 0.1607 0.1926 -0.9680
vn 0.2650 0.8390 -0.4753
vn 0.1495 0.9815 -0.1197
vn 0.4011 -0.5670 -0.7194
vn 0.4011 0.5670 -0.7194
vn 0.2650 -0.8390 -0.4753
vn 0.4771 0.2008 -0.8556
vn 0.3791 0.8741 -0.3036
vn 0.4771 -0.2008 -0.8556
vn 0.1495 -0.9815 -0.1197
vn 0.6283 -0.5934 -0.5031
vn 0.6283 0.5934 -0.5031
vn 0.3791 -0.8741 -0.3036
vn 0.7624 0.2144 -0.6105
vn 0.4837 0.8676 -0.1153
vn 0.7624 -0.2144 -0.6105
vn 0.7674 -0.6145 -0.1829
vn 0.7674 0.6145 -0.1829
vn 0.4837 -0.8676 -0.1153
vn 0.9476 0.2259 -0.2259
vn 0.4528 0.8850 0.1079
vn 0.9476 -0.2259 -0.2259
vn 0.1767 0.9834 0.0421
vn 0.7674 0.6145 0.1829
vn 0.4528 -0.8850 0.1079
vn 0.9476 0.2259 0.2259
vn 0.4043 0.8554 0.3238
vn 0.9476 -0.2259 0.2259
vn 0.1767 -0.9834 0.0421
vn 0.7674 -0.6145 0.1829
vn 0.4043 -0.8554 0.3238
vn 0.6283 0.5934 0.5031
vn 0.7624 0.2144 0.6105
vn 0.2490 0.8593 0.4467
vn 0.7624 -0.2144 0.6105
vn 0.0996 0.9789 0.1787
vn 0.6283 -0.5934 0.5031
vn 0.2490 -0.8593 0.4467
vn 0.4771 0.2008 0.8556
vn 0.0918 0.8280 0.5532
vn 0.4771 -0.2008 0.8556
vn 0.0996 -0.9789 0.1787
vn 0.4011 -0.5670 0.7194
vn 0.4011 0.5670 0.7194
vn 0.1607 0.1926 0.9680
vn -0.0864 0.8493 0.5207
vn 0.1607 -0.1926 0.9680
vn -0.0349 0.9770 0.2103
vn 0.1367 -0.5504 0.8237
vn 0.1367 0.5504 0.8237
vn 0.0918 -0.8280 0.5532
vn -0.2650 0.8390 0.4753
vn -0.1607 0.1926 0.9680
vn -0.1607 -0.1926 0.9680
vn -0.0349 -0.9770 0.2103
vn -0.1367 -0.5504 0.8237
vn -0.1367 0.5504 0.8237
vn -0.0864 -0.8493 0.5207
vn -0.4771 0.2008 0.8556
vn -0.3791 0.8741 0.3036
vn -0.4771 -0.2008 0.8556
vn -0.1495 0.9815 0.1197
vn -0.4011 -0.5670 0.7194
vn -0.4011 0.5670 0.7194
vn -0.2650 -0.8390 0.4753
vn -0.4837 0.8676 0.1153
vn -0.7624 -0.2144 0.6105
vn -0.1495 -0.9815 0.1197
vn -0.6283 -0.5934 0.5031
vn -0.6283 0.5934 0.5031
vn -0.3791 -0.8741 0.3036
vn -0.7624 0.2144 0.6105
vn -0.1767 0.9834 -0.0421
vn -0.9476 -0.2259 0.2259
vn -0.7674 -0.6145 0.1829
vn -0.7674 0.6145 0.1829
vn -0.4837 -0.8676 0.1153
vn -0.9476 0.2259 0.2259
vn -0.4528 0.8850 -0.1079
vn -0.9476 -0.2259 -0.2259
vn -0.1767 -0.9834 -0.0421
vn -0.7674 -0.6145 -0.1829
vn -0.7674 0.6145 -0.1829
vn -0.4528 -0.8850 -0.1079
vn -0.9476 0.2259 -0.2259
vn -0.4043 0.8554 -0.3238
vn -0.0996 0.9789 -0.1787
vn -0.6283 -0.5934 -0.5031
vn -0.6283 0.5934 -0.5031
vn -0.4043 -0.8554 -0.3238
vn -0.7624 0.2144 -0.6105
vn -0.2490 0.8593 -0.4467
vn -0.7624 -0.2144 -0.6105
vn -0.4011 -0.5670 -0.7194
vn -0.0996 -0.9789 -0.1787
vn -0.4011 0.5670 -0.7194
vn -0.2490 -0.8593 -0.4467
vn -0.4771 0.2008 -0.8556
vn -0.0918 0.8280 -0.5532
vn -0.4771 -0.2008 -0.8556
vn -0.1367 -0.5504 -0.8237
vn -0.1367 0.5504 -0.8237
vn -0.0918 -0.8280 -0.5532
vn -0.1607 0.1926 -0.9680
vn 0.0349 0.9770 -0.2103
vn 0.0864 0.8493 -0.5207
vn 0.0349 -0.9770 0.2103
vn 0.0864 -0.8493 0.5207
vn 0.2650 0.8390 0.4753
vn 0.1495 0.9815 0.1197
vn 0.2650 -0.8390 0.4753
vn 0.3791 0.8741 0.3036
vn 0.1495 -0.9815 0.1197
vn 0.3791 -0.8741 0.3036
vn 0.4837 0.8676 0.1153
vn 0.4837 -0.8676 0.1153
vn 0.4528 0.8850 -0.1079
vn 0.1767 0.9834 -0.0421
vn 0.4528 -0.8850 -0.1079
vn 0.4043 0.8554 -0.3238
vn 0.1767 -0.9834 -0.0421
vn 0.4043 -0.8554 -0.3238
vn 0.2490 0.8593 -0.4467
vn 0.0996 0.9789 -0.1787
vn 0.2490 -0.8593 -0.4467
vn 0.0918 0.8280 -0.5532
vn 0.0996 -0.9789 -0.1787
vn -0.0864 0.8493 -0.5207
vn -0.0349 0.9770 -0.2103
vn 0.0918 -0.8280 -0.5532
vn -0.2650 0.8390 -0.4753
vn -0.0349 -0.9770 -0.2103
vn -0.0864 -0.8493 -0.5207
vn -0.3791 0.8741 -0.3036
vn -0.1495 0.9815 -0.1197
vn -0.2650 -0.8390 -0.4753
vn -0.4837 0.8676 -0.1153
vn -0.1495 -0.9815 -0.1197
vn -0.3791 -0.8741 -0.3036
vn -0.1767 0.9834 0.0421
vn -0.4837 -0.8676 -0.1153
vn -0.4528 0.8850 0.1079
vn -0.1767 -0.9834 0.0421
vn -0.4528 -0.8850 0.1079
vn -0.4043 0.8554 0.3238
vn -0.0996 0.9789 0.1787
vn -0.4043 -0.8554 0.3238
vn -0.2490 0.8593 0.4467
vn -0.0996 -0.9789 0.1787
vn -0.2490 -0.8593 0.4467
vn -0.0918 0.8280 0.5532
vn -0.0918 -0.8280 0.5532
vn 0.0349 0.9770 0.2103
vn 0.0864 0.8493 0.5207
vn 0.6862 0.5858 -0.4313
vn 0.7350 0.3939 -0.5519
vn 0.3536 0.9332 -0.0637
vn 0.7692 0.1945 -0.6086
vn 0.5809 0.7810 -0.2295
vn 0.7935 -0.0225 -0.6081
vn 0.5586 0.7216 -0.4091
vn 0.4592 0.0806 -0.8846
vn 0.5952 0.5001 -0.6290
vn 0.5434 0.3267 -0.7733
vn 0.3398 0.9321 -0.1256
vn 0.4934 0.2051 -0.8453
vn 0.3582 0.2598 -0.8968
vn 0.3963 0.9150 -0.0756
vn 0.3126 0.1688 -0.9348
vn 0.4067 0.6825 -0.6073
vn 0.2575 0.1048 -0.9606
vn 0.3975 0.3973 -0.8271
vn -0.2105 0.5211 -0.8271
vn -0.2281 0.3792 -0.8968
vn -0.0070 0.9971 -0.0756
vn -0.2217 0.2776 -0.9348
vn -0.1075 0.7872 -0.6073
vn -0.1960 0.1971 -0.9606
vn -0.3739 0.3817 -0.8453
vn -0.2320 0.8825 -0.4091
vn -0.3912 0.2538 -0.8846
vn -0.3523 0.6930 -0.6290
vn -0.3724 0.5131 -0.7733
vn 0.0517 0.9907 -0.1256
vn -0.5225 0.6500 -0.5519
vn 0.0395 0.9972 -0.0637
vn -0.6866 0.4559 -0.5664
vn -0.2293 0.9459 -0.2295
vn -0.8167 0.2918 -0.4979
vn -0.4025 0.8075 -0.4313
vn -0.9276 0.3736 -0.0000
vn 0.9269 0.3753 -0.0000
vn 0.0497 0.9988 -0.0000
vn -0.2436 0.9699 -0.0000
vn -0.9788 0.1848 0.0878
vn 0.3448 0.9387 -0.0000
vn 0.9968 0.0799 -0.0000
vn -0.5014 0.8652 -0.0000
vn 0.6034 0.7974 -0.0000
vn 0.9686 -0.2272 0.1010
vn -0.7064 0.7078 -0.0000
vn 0.7998 0.6003 -0.0000
vn -0.9111 0.0774 -0.4047
vn 0.2233 -0.0026 -0.9747
vn -0.9821 0.0220 0.1871
vn 0.9045 -0.3695 0.2130
vn -0.4704 0.1033 -0.8764
vn 0.8333 -0.2674 -0.4839
vn 0.4732 -0.0893 -0.8764
vn -0.2065 0.0851 -0.9747
vn 0.1027 -0.1775 0.9787
vn -0.2064 -0.1149 0.9717
vn -0.0280 -0.1374 0.9901
vn -0.1995 -0.9799 -0.0000
vn -0.3213 0.5544 0.7677
vn -0.2326 -0.4510 0.8617
vn -0.3805 0.3813 0.8425
vn 0.5284 0.6983 0.4830
vn -0.0822 -0.4036 0.9112
vn -0.4144 0.2017 0.8875
vn 0.6605 0.4958 0.5639
vn -0.5794 0.0045 0.8150
vn 0.6830 0.2766 0.6760
vn 0.3032 0.8254 0.4763
vn 0.6325 0.0678 0.7716
vn 0.0415 0.8341 0.5500
vn 0.6464 -0.2200 0.7306
vn -0.1822 0.7255 0.6636
vn 0.0250 -0.5174 0.8554
vn -0.1864 -0.9155 0.3567
vn -0.2432 0.9683 0.0561
vn -0.4994 0.8618 0.0888
vn -0.7002 0.7016 0.1322
vn 0.6025 0.7962 0.0561
vn -0.8409 0.5094 0.1828
vn 0.7966 0.5979 0.0888
vn -0.9374 0.2424 0.2501
vn 0.9188 0.3720 0.1322
vn 0.3445 0.9380 0.0382
vn 0.9731 0.1400 0.1828
vn 0.0496 0.9980 0.0382
vn 0.9576 -0.1433 0.2501
vn 0.6862 0.5858 0.4313
vn 0.7350 0.3939 0.5519
vn 0.3536 0.9332 0.0637
vn 0.7692 0.1945 0.6086
vn 0.5809 0.7810 0.2295
vn 0.7935 -0.0225 0.6081
vn 0.5586 0.7216 0.4091
vn 0.4592 0.0806 0.8846
vn 0.5952 0.5001 0.6290
vn 0.5434 0.3267 0.7733
vn 0.3398 0.9321 0.1256
vn 0.4934 0.2051 0.8453
vn 0.3582 0.2598 0.8968
vn 0.3963 0.9150 0.0756
vn 0.3126 0.1688 0.9348
vn 0.4067 0.6825 0.6073
vn 0.2575 0.1048 0.9606
vn 0.3975 0.3973 0.8271
vn -0.2105 0.5211 0.8271
vn -0.2281 0.3792 0.8968
vn -0.0070 0.9971 0.0756
vn -0.2217 0.2776 0.9348
vn -0.1075 0.7872 0.6073
vn -0.1960 0.1971 0.9606
vn -0.3739 0.3817 0.8453
vn -0.2320 0.8825 0.4091
vn -0.3912 0.2538 0.8846
vn -0.3523 0.6930 0.6290
vn -0.3724 0.5131 0.7733
vn 0.0517 0.9907 0.1256
vn -0.5225 0.6500 0.5519
vn 0.0395 0.9972 0.0637
vn -0.6866 0.4559 0.5664
vn -0.2293 0.9459 0.2295
vn -0.8167 0.2918 0.4979
vn -0.4025 0.8075 0.4313
vn -0.9788 0.1848 -0.0878
vn 0.9686 -0.2272 -0.1010
vn -0.9111 0.0774 0.4047
vn 0.2233 -0.0026 0.9747
vn -0.9821 0.0220 -0.1871
vn 0.9045 -0.3695 -0.2130
vn -0.4704 0.1033 0.8764
vn 0.8333 -0.2674 0.4839
vn 0.4732 -0.0893 0.8764
vn -0.2065 0.0851 0.9747
vn 0.1027 -0.1775 -0.9787
vn -0.2064 -0.1149 -0.9717
vn -0.0280 -0.1374 -0.9901
vn -0.3213 0.5544 -0.7677
vn -0.2326 -0.4510 -0.8617
vn -0.3805 0.3813 -0.8425
vn 0.5284 0.6983 -0.4830
vn -0.0822 -0.4036 -0.9112
vn -0.4144 0.2017 -0.8875
vn 0.6605 0.4958 -0.5639
vn -0.5794 0.0045 -0.8150
vn 0.6830 0.2766 -0.6760
vn 0.3032 0.8254 -0.4763
vn 0.6325 0.0678 -0.7716
vn 0.0415 0.8341 -0.5500
vn 0.6464 -0.2200 -0.7306
vn -0.1822 0.7255 -0.6636
vn 0.0250 -0.5174 -0.8554
vn -0.1864 -0.9155 -0.3567
vn -0.2432 0.9683 -0.0561
vn -0.4994 0.8618 -0.0888
vn -0.7002 0.7016 -0.1322
vn 0.6025 0.7962 -0.0561
vn -0.8409 0.5094 -0.1828
vn 0.7966 0.5979 -0.0888
vn -0.9374 0.2424 -0.2501
vn 0.9188 0.3720 -0.1322
vn 0.3445 0.9380 -0.0382
vn 0.9731 0.1400 -0.1828
vn 0.0496 0.9980 -0.0382
vn 0.9576 -0.1433 -0.2501
vn 0.0015 -1.0000 -0.0099
vn 0.3032 -0.1057 -0.9470
vn 0.8020 -0.1048 -0.5880
vn 0.9945 -0.1045 -0.0043
vn 0.8071 -0.1048 0.5811
vn 0.3113 -0.1057 0.9444
vn -0.3032 -0.1067 0.9469
vn -0.8018 -0.1076 0.5878
vn -0.9941 -0.1079 0.0043
vn -0.8068 -0.1076 -0.5809
vn -0.3113 -0.1068 -0.9443
vn 0.3179 -0.1057 0.9422
vn 0.8111 -0.1048 0.5755
vn 0.9945 -0.1045 -0.0112
vn 0.7979 -0.1049 -0.5936
vn 0.2966 -0.1057 -0.9491
vn -0.3179 -0.1068 -0.9421
vn -0.8108 -0.1076 -0.5753
vn -0.9941 -0.1079 0.0112
vn -0.7977 -0.1076 0.5934
vn -0.2966 -0.1067 0.9490
vn -0.0000 -1.0000 -0.0000
vn -0.0893 0.4116 -0.9070
vn -0.2645 0.4116 -0.8721
vn -0.4296 0.4116 -0.8037
vn -0.5782 0.4116 -0.7045
vn -0.7045 0.4116 -0.5782
vn -0.8037 0.4116 -0.4296
vn -0.8721 0.4116 -0.2646
vn -0.9070 0.4116 -0.0893
vn -0.9070 0.4116 0.0893
vn -0.8721 0.4116 0.2646
vn -0.8037 0.4116 0.4296
vn -0.7045 0.4116 0.5782
vn -0.5782 0.4116 0.7045
vn -0.4296 0.4116 0.8037
vn -0.2646 0.4116 0.8721
vn -0.0893 0.4116 0.9070
vn 0.0893 0.4116 0.9070
vn 0.2646 0.4116 0.8721
vn 0.4296 0.4116 0.8037
vn 0.5782 0.4116 0.7045
vn 0.7045 0.4116 0.5782
vn 0.8037 0.4116 0.4296
vn 0.8721 0.4116 0.2646
vn 0.9070 0.4116 0.0893
vn 0.9070 0.4116 -0.0893
vn 0.8721 0.4116 -0.2646
vn 0.8037 0.4116 -0.4296
vn 0.7045 0.4116 -0.5782
vn 0.5782 0.4116 -0.7045
vn 0.4296 0.4116 -0.8037
vn 0.2646 0.4116 -0.8721
vn 0.0893 0.4116 -0.9070
vn -0.0932 -0.3090 -0.9465
vn -0.2761 -0.3090 -0.9101
vn -0.4483 -0.3090 -0.8388
vn -0.6034 -0.3090 -0.7352
vn -0.7352 -0.3090 -0.6034
vn -0.8388 -0.3090 -0.4483
vn -0.9101 -0.3090 -0.2761
vn -0.9465 -0.3090 -0.0932
vn -0.9465 -0.3090 0.0932
vn -0.9101 -0.3090 0.2761
vn -0.8388 -0.3090 0.4483
vn -0.7352 -0.3090 0.6034
vn -0.6034 -0.3090 0.7352
vn -0.4483 -0.3090 0.8388
vn -0.2761 -0.3090 0.9101
vn -0.0932 -0.3090 0.9465
vn 0.0932 -0.3090 0.9465
vn 0.2761 -0.3090 0.9101
vn 0.4483 -0.3090 0.8388
vn 0.6034 -0.3090 0.7352
vn 0.7352 -0.3090 0.6034
vn 0.8388 -0.3090 0.4483
vn 0.9101 -0.3090 0.2761
vn 0.9465 -0.3090 0.0932
vn 0.9465 -0.3090 -0.0932
vn 0.9101 -0.3090 -0.2761
vn 0.8388 -0.3090 -0.4483
vn 0.7352 -0.3090 -0.6034
vn 0.6034 -0.3090 -0.7352
vn 0.4483 -0.3090 -0.8388
vn 0.2761 -0.3090 -0.9101
vn 0.0932 -0.3090 -0.9465
vn 0.0941 -0.2806 -0.9552
vn 0.0496 -0.8625 -0.5037
vn 0.2786 -0.2806 -0.9185
vn 0.1469 -0.8625 -0.4843
vn 0.4524 -0.2806 -0.8465
vn 0.2386 -0.8625 -0.4463
vn 0.6089 -0.2806 -0.7419
vn 0.3211 -0.8625 -0.3912
vn 0.7419 -0.2806 -0.6089
vn 0.3912 -0.8625 -0.3211
vn 0.8465 -0.2806 -0.4525
vn 0.4463 -0.8625 -0.2386
vn 0.9185 -0.2806 -0.2786
vn 0.4843 -0.8625 -0.1469
vn 0.9552 -0.2806 -0.0941
vn 0.5037 -0.8625 -0.0496
vn 0.9552 -0.2806 0.0941
vn 0.5037 -0.8625 0.0496
vn 0.9185 -0.2806 0.2786
vn 0.4843 -0.8625 0.1469
vn 0.8465 -0.2806 0.4525
vn 0.4463 -0.8625 0.2386
vn 0.7419 -0.2806 0.6089
vn 0.3912 -0.8625 0.3211
vn 0.6089 -0.2806 0.7419
vn 0.3211 -0.8625 0.3912
vn 0.4525 -0.2806 0.8465
vn 0.2386 -0.8625 0.4464
vn 0.2786 -0.2806 0.9185
vn 0.1469 -0.8625 0.4843
vn 0.0941 -0.2806 0.9552
vn 0.0496 -0.8625 0.5037
vn -0.0941 -0.2806 0.9552
vn -0.0496 -0.8625 0.5037
vn -0.2786 -0.2806 0.9185
vn -0.1469 -0.8625 0.4843
vn -0.4525 -0.2806 0.8465
vn -0.2386 -0.8625 0.4463
vn -0.6089 -0.2806 0.7419
vn -0.3211 -0.8625 0.3912
vn -0.7419 -0.2806 0.6089
vn -0.3912 -0.8625 0.3211
vn -0.8465 -0.2806 0.4525
vn -0.4463 -0.8625 0.2386
vn -0.9185 -0.2806 0.2786
vn -0.4843 -0.8625 0.1469
vn -0.9552 -0.2806 0.0941
vn -0.5037 -0.8625 0.0496
vn -0.9552 -0.2806 -0.0941
vn -0.5037 -0.8625 -0.0496
vn -0.9185 -0.2806 -0.2786
vn -0.4843 -0.8625 -0.1469
vn -0.8465 -0.2806 -0.4525
vn -0.4463 -0.8625 -0.2386
vn -0.7419 -0.2806 -0.6089
vn -0.3912 -0.8625 -0.3211
vn -0.6089 -0.2806 -0.7419
vn -0.3211 -0.8625 -0.3912
vn -0.4524 -0.2806 -0.8465
vn -0.2386 -0.8625 -0.4463
vn -0.2786 -0.2806 -0.9185
vn -0.1469 -0.8625 -0.4843
vn -0.0941 -0.2806 -0.9552
vn -0.0496 -0.8625 -0.5037
vn 0.0978 0.0694 -0.9928
vn 0.0958 0.2094 -0.9731
vn 0.0890 0.4197 -0.9033
vn 0.0804 0.5724 -0.8160
vn 0.0681 0.7196 -0.6910
vn 0.2896 0.0694 -0.9546
vn 0.2839 0.2094 -0.9357
vn 0.2635 0.4197 -0.8686
vn 0.2380 0.5724 -0.7847
vn 0.1928 0.7476 -0.6355
vn 0.1566 0.8420 -0.5163
vn 0.0992 0.9398 -0.3270
vn 0.0340 0.9931 -0.1122
vn 0.4703 0.0694 -0.8798
vn 0.4609 0.2094 -0.8624
vn 0.4279 0.4197 -0.8005
vn 0.3865 0.5724 -0.7232
vn 0.3273 0.7196 -0.6124
vn 0.6329 0.0694 -0.7711
vn 0.6203 0.2094 -0.7559
vn 0.5758 0.4197 -0.7016
vn 0.5202 0.5724 -0.6339
vn 0.4213 0.7476 -0.5134
vn 0.3423 0.8420 -0.4170
vn 0.2168 0.9398 -0.2642
vn 0.0710 0.9937 -0.0865
vn 0.7711 0.0694 -0.6329
vn 0.7559 0.2094 -0.6203
vn 0.7016 0.4197 -0.5758
vn 0.6339 0.5724 -0.5202
vn 0.5367 0.7196 -0.4405
vn 0.8798 0.0694 -0.4703
vn 0.8624 0.2094 -0.4609
vn 0.8005 0.4197 -0.4279
vn 0.7232 0.5724 -0.3865
vn 0.5857 0.7476 -0.3131
vn 0.4758 0.8420 -0.2543
vn 0.3014 0.9398 -0.1611
vn 0.1034 0.9931 -0.0553
vn 0.9546 0.0694 -0.2896
vn 0.9357 0.2094 -0.2839
vn 0.8686 0.4197 -0.2635
vn 0.7847 0.5724 -0.2380
vn 0.6645 0.7196 -0.2016
vn 0.9928 0.0694 -0.0978
vn 0.9731 0.2094 -0.0958
vn 0.9033 0.4197 -0.0890
vn 0.8160 0.5724 -0.0804
vn 0.6609 0.7476 -0.0651
vn 0.5369 0.8420 -0.0529
vn 0.3401 0.9398 -0.0335
vn 0.1114 0.9937 -0.0110
vn 0.9928 0.0694 0.0978
vn 0.9731 0.2094 0.0958
vn 0.9033 0.4197 0.0890
vn 0.8160 0.5724 0.0804
vn 0.6910 0.7196 0.0681
vn 0.9546 0.0694 0.2896
vn 0.9357 0.2094 0.2839
vn 0.8686 0.4197 0.2635
vn 0.7847 0.5724 0.2380
vn 0.6355 0.7476 0.1928
vn 0.5163 0.8420 0.1566
vn 0.3270 0.9398 0.0992
vn 0.1122 0.9931 0.0340
vn 0.8798 0.0694 0.4703
vn 0.8624 0.2094 0.4609
vn 0.8005 0.4197 0.4279
vn 0.7232 0.5724 0.3865
vn 0.6124 0.7196 0.3273
vn 0.7711 0.0694 0.6329
vn 0.7559 0.2094 0.6203
vn 0.7016 0.4197 0.5758
vn 0.6339 0.5724 0.5202
vn 0.5134 0.7476 0.4213
vn 0.4170 0.8420 0.3423
vn 0.2642 0.9398 0.2168
vn 0.0865 0.9937 0.0710
vn 0.6329 0.0694 0.7711
vn 0.6203 0.2094 0.7559
vn 0.5758 0.4197 0.7016
vn 0.5202 0.5724 0.6339
vn 0.4405 0.7196 0.5367
vn 0.4703 0.0694 0.8798
vn 0.4609 0.2094 0.8624
vn 0.4279 0.4197 0.8005
vn 0.3865 0.5724 0.7232
vn 0.3131 0.7476 0.5857
vn 0.2543 0.8420 0.4758
vn 0.1611 0.9398 0.3014
vn 0.0553 0.9931 0.1034
vn 0.2896 0.0694 0.9546
vn 0.2839 0.2094 0.9357
vn 0.2635 0.4197 0.8686
vn 0.2380 0.5724 0.7847
vn 0.2016 0.7196 0.6645
vn 0.0978 0.0694 0.9928
vn 0.0958 0.2094 0.9731
vn 0.0890 0.4197 0.9033
vn 0.0804 0.5724 0.8160
vn 0.0651 0.7476 0.6609
vn 0.0529 0.8420 0.5369
vn 0.0335 0.9398 0.3401
vn 0.0110 0.9937 0.1114
vn -0.0978 0.0694 0.9928
vn -0.0958 0.2094 0.9731
vn -0.0890 0.4197 0.9033
vn -0.0804 0.5724 0.8160
vn -0.0681 0.7196 0.6910
vn -0.2896 0.0694 0.9546
vn -0.2839 0.2094 0.9357
vn -0.2635 0.4197 0.8686
vn -0.2380 0.5724 0.7847
vn -0.1928 0.7476 0.6355
vn -0.1566 0.8420 0.5163
vn -0.0992 0.9398 0.3270
vn -0.0340 0.9931 0.1122
vn -0.4703 0.0694 0.8798
vn -0.4609 0.2094 0.8624
vn -0.4279 0.4197 0.8005
vn -0.3865 0.5724 0.7232
vn -0.3273 0.7196 0.6124
vn -0.6329 0.0694 0.7711
vn -0.6203 0.2094 0.7559
vn -0.5758 0.4197 0.7016
vn -0.5202 0.5724 0.6339
vn -0.4213 0.7476 0.5134
vn -0.3422 0.8420 0.4170
vn -0.2168 0.9398 0.2642
vn -0.0710 0.9937 0.0865
vn -0.7711 0.0694 0.6329
vn -0.7559 0.2094 0.6203
vn -0.7016 0.4197 0.5758
vn -0.6339 0.5724 0.5202
vn -0.5367 0.7196 0.4405
vn -0.8798 0.0694 0.4703
vn -0.8624 0.2094 0.4609
vn -0.8005 0.4197 0.4279
vn -0.7232 0.5724 0.3865
vn -0.5857 0.7476 0.3131
vn -0.4758 0.8420 0.2543
vn -0.3014 0.9398 0.1611
vn -0.1034 0.9931 0.0553
vn -0.9546 0.0694 0.2896
vn -0.9357 0.2094 0.2839
vn -0.8686 0.4197 0.2635
vn -0.7847 0.5724 0.2380
vn -0.6645 0.7196 0.2016
vn -0.9928 0.0694 0.0978
vn -0.9731 0.2094 0.0958
vn -0.9033 0.4197 0.0890
vn -0.8160 0.5724 0.0804
vn -0.6609 0.7476 0.0651
vn -0.5369 0.8420 0.0529
vn -0.3401 0.9398 0.0335
vn -0.1114 0.9937 0.0110
vn -0.9928 0.0694 -0.0978
vn -0.9731 0.2094 -0.0958
vn -0.9033 0.4197 -0.0890
vn -0.8160 0.5724 -0.0804
vn -0.6910 0.7196 -0.0681
vn -0.9546 0.0694 -0.2896
vn -0.9357 0.2094 -0.2839
vn -0.8686 0.4197 -0.2635
vn -0.7847 0.5724 -0.2380
vn -0.6355 0.7476 -0.1928
vn -0.5163 0.8420 -0.1566
vn -0.3270 0.9398 -0.0992
vn -0.1122 0.9931 -0.0340
vn -0.8798 0.0694 -0.4703
vn -0.8624 0.2094 -0.4609
vn -0.8005 0.4197 -0.4279
vn -0.7232 0.5724 -0.3865
vn -0.6124 0.7196 -0.3273
vn -0.7711 0.0694 -0.6329
vn -0.7559 0.2094 -0.6203
vn -0.7016 0.4197 -0.5758
vn -0.6339 0.5724 -0.5202
vn -0.5134 0.7476 -0.4213
vn -0.4170 0.8420 -0.3423
vn -0.2642 0.9398 -0.2168
vn -0.0865 0.9937 -0.0710
vn -0.6329 0.0694 -0.7711
vn -0.6203 0.2094 -0.7559
vn -0.5758 0.4197 -0.7016
vn -0.5202 0.5724 -0.6339
vn -0.4405 0.7196 -0.5367
vn -0.4703 0.0694 -0.8798
vn -0.4609 0.2094 -0.8624
vn -0.4279 0.4197 -0.8005
vn -0.3865 0.5724 -0.7232
vn -0.3131 0.7476 -0.5857
vn -0.2543 0.8420 -0.4758
vn -0.1611 0.9398 -0.3014
vn -0.0553 0.9931 -0.1034
vn -0.2896 0.0694 -0.9546
vn -0.2839 0.2094 -0.9357
vn -0.2635 0.4197 -0.8686
vn -0.2380 0.5724 -0.7847
vn -0.2016 0.7196 -0.6645
vn -0.0978 0.0694 -0.9928
vn -0.0958 0.2094 -0.9731
vn -0.0890 0.4197 -0.9033
vn -0.0804 0.5724 -0.8160
vn -0.0651 0.7476 -0.6609
vn -0.0529 0.8420 -0.5369
vn -0.0335 0.9398 -0.3401
vn -0.0110 0.9937 -0.1114
vn -0.0476 0.8860 -0.4612
vn -0.6344 -0.0086 0.7730
vn 0.2903 -0.0090 0.9569
vn 0.7730 -0.0051 0.6344
vn 0.6344 0.0086 -0.7730
vn -0.7730 0.0051 -0.6344
vn -0.9952 -0.0006 -0.0980
vn 0.9952 0.0006 0.0980
vn -0.0980 -0.0100 0.9951
vn -0.8819 -0.0060 0.4714
vn 0.8819 -0.0033 0.4714
vn -0.4714 0.0080 -0.8819
vn 0.4714 -0.0080 0.8819
vn 0.8819 0.0060 -0.4714
vn -0.9952 -0.0025 0.0980
vn -0.4714 -0.0094 0.8819
vn 0.4714 0.0094 -0.8819
vn -0.8819 0.0033 -0.4714
vn 0.6344 -0.0067 0.7730
vn 0.0980 0.0100 -0.9951
vn 0.0980 -0.0097 0.9951
vn -0.9569 0.0014 -0.2903
vn -0.6344 0.0067 -0.7730
vn 0.9952 0.0025 -0.0980
vn 0.7730 0.0075 -0.6344
vn -0.7730 -0.0075 0.6344
vn 0.9569 -0.0014 0.2903
vn -0.2903 -0.0099 0.9569
vn -0.2903 0.0090 -0.9569
vn 0.2903 0.0099 -0.9569
vn -0.0980 0.0097 -0.9951
vn -0.9569 -0.0043 0.2903
vn 0.9569 0.0043 -0.2903
vn 0.8961 0.3534 -0.2685
vn -0.8972 0.3453 0.2754
vn -0.0924 0.3585 -0.9290
vn 0.2714 0.3586 -0.8931
vn -0.2725 0.3578 -0.8931
vn -0.2725 0.3401 0.9000
vn 0.8961 0.3480 0.2754
vn -0.7248 0.3424 0.5978
vn 0.7238 0.3563 -0.5909
vn 0.9319 0.3517 -0.0884
vn -0.5950 0.3556 -0.7208
vn -0.8972 0.3507 -0.2685
vn 0.0913 0.3403 0.9359
vn 0.0913 0.3587 -0.9290
vn 0.5939 0.3431 0.7277
vn -0.8269 0.3525 -0.4382
vn 0.4411 0.3582 -0.8228
vn -0.4422 0.3405 0.8298
vn -0.9330 0.3470 0.0953
vn 0.8258 0.3550 -0.4382
vn 0.4412 0.3419 0.8298
vn -0.4422 0.3568 -0.8229
vn 0.8258 0.3463 0.4451
vn -0.8269 0.3437 0.4451
vn -0.0924 0.3400 0.9359
vn 0.9319 0.3499 0.0953
vn -0.9330 0.3488 -0.0884
vn -0.7248 0.3541 -0.5909
vn 0.5939 0.3574 -0.7208
vn 0.7238 0.3446 0.5978
vn 0.2715 0.3409 0.9000
vn -0.5949 0.3413 0.7277
vn 0.6754 -0.7064 -0.2116
vn -0.4459 -0.7156 0.5377
vn 0.6225 -0.7053 -0.3392
vn -0.3311 -0.7161 0.6144
vn -0.0680 -0.7027 -0.7083
vn 0.5458 -0.7042 -0.4540
vn -0.2035 -0.7165 0.6673
vn -0.2035 -0.7031 -0.6813
vn 0.4481 -0.7034 -0.5517
vn -0.0680 -0.7165 0.6942
vn -0.3311 -0.7039 -0.6284
vn 0.3333 -0.7028 -0.6284
vn 0.0702 -0.7163 0.6942
vn -0.4460 -0.7048 -0.5517
vn 0.2056 -0.7025 -0.6813
vn 0.2056 -0.7158 0.6673
vn -0.5436 -0.7059 -0.4540
vn 0.0701 -0.7025 -0.7083
vn 0.3333 -0.7151 0.6144
vn -0.6204 -0.7072 -0.3392
vn 0.4481 -0.7142 0.5377
vn -0.6732 -0.7085 -0.2116
vn 0.5458 -0.7131 0.4400
vn -0.7002 -0.7099 -0.0761
vn 0.6226 -0.7118 0.3252
vn -0.7002 -0.7113 0.0620
vn 0.6754 -0.7105 0.1975
vn -0.6732 -0.7125 0.1975
vn 0.7024 -0.7091 0.0621
vn -0.6204 -0.7137 0.3251
vn 0.7024 -0.7077 -0.0761
vn -0.5436 -0.7147 0.4400
vn -0.1245 -0.8972 -0.4238
vn 0.2642 -0.9066 -0.3291
vn -0.0411 -0.9054 0.4225
vn -0.1939 -0.9068 -0.3743
vn 0.2057 -0.8970 -0.3912
vn 0.0420 -0.9142 0.4032
vn -0.2737 -0.8982 -0.3440
vn 0.1216 -0.9060 -0.4053
vn 0.1272 -0.9050 0.4059
vn -0.3188 -0.9080 -0.2717
vn 0.0439 -0.8968 -0.4403
vn 0.1966 -0.9135 0.3563
vn -0.3810 -0.8997 -0.2133
vn 0.2764 -0.9040 0.3262
vn -0.3950 -0.9096 -0.1292
vn 0.3216 -0.9123 0.2538
vn -0.4301 -0.9013 -0.0514
vn 0.3837 -0.9025 0.1955
vn -0.4108 -0.9112 0.0316
vn 0.3977 -0.9107 0.1112
vn -0.4135 -0.9030 0.1169
vn 0.4328 -0.9009 0.0336
vn -0.3639 -0.9126 0.1862
vn 0.4136 -0.9091 -0.0496
vn -0.3337 -0.9043 0.2661
vn 0.4162 -0.8992 -0.1347
vn -0.2614 -0.9137 0.3112
vn 0.3667 -0.9077 -0.2042
vn -0.2030 -0.9052 0.3734
vn -0.0392 -0.9061 -0.4212
vn 0.3365 -0.8979 -0.2839
vn -0.1188 -0.9142 0.3873
vn -0.1636 -0.9758 -0.1451
vn 0.1111 -0.9744 0.1955
vn -0.2213 -0.9722 -0.0772
vn 0.1664 -0.9780 0.1257
vn -0.2109 -0.9774 0.0113
vn 0.2242 -0.9728 0.0579
vn -0.2036 -0.9739 0.1000
vn 0.2140 -0.9764 -0.0306
vn -0.1338 -0.9788 0.1552
vn 0.2069 -0.9711 -0.1194
vn -0.0194 -0.9748 -0.2223
vn -0.0660 -0.9748 0.2129
vn 0.1370 -0.9750 -0.1748
vn -0.1083 -0.9706 -0.2150
vn 0.0224 -0.9790 0.2026
vn 0.0691 -0.9701 -0.2325
vn -0.1459 -0.8668 0.4768
vn 0.3933 -0.8580 -0.3302
vn -0.0484 -0.8569 -0.5132
vn -0.2377 -0.8666 0.4387
vn 0.4486 -0.8588 -0.2476
vn -0.3204 -0.8662 0.3835
vn 0.4866 -0.8596 -0.1557
vn -0.3907 -0.8656 0.3132
vn 0.5060 -0.8606 -0.0582
vn -0.4459 -0.8649 0.2305
vn 0.5060 -0.8615 0.0412
vn -0.4840 -0.8640 0.1387
vn 0.4866 -0.8625 0.1387
vn -0.5034 -0.8631 0.0412
vn 0.4486 -0.8635 0.2305
vn -0.5034 -0.8621 -0.0582
vn 0.3933 -0.8644 0.3132
vn -0.4840 -0.8611 -0.1557
vn 0.3230 -0.8652 0.3835
vn -0.4459 -0.8601 -0.2476
vn 0.2404 -0.8659 0.4387
vn 0.0510 -0.8568 -0.5132
vn -0.3907 -0.8592 -0.3302
vn 0.1485 -0.8664 0.4768
vn 0.1485 -0.8568 -0.4938
vn -0.3204 -0.8584 -0.4005
vn 0.0510 -0.8667 0.4962
vn 0.2404 -0.8570 -0.4557
vn -0.2377 -0.8578 -0.4558
vn -0.0484 -0.8669 0.4962
vn 0.3230 -0.8575 -0.4005
vn -0.1459 -0.8573 -0.4938
vn -0.3009 0.8846 -0.3563
vn 0.0449 0.8769 0.4786
vn 0.2213 0.8859 -0.4077
vn -0.2240 0.8852 -0.4077
vn -0.0476 0.8767 0.4786
vn 0.2982 0.8855 -0.3563
vn -0.1384 0.8768 0.4606
vn 0.3637 0.8850 -0.2908
vn -0.2240 0.8770 0.4252
vn 0.4151 0.8843 -0.2139
vn -0.3009 0.8774 0.3737
vn 0.4505 0.8835 -0.1284
vn -0.3664 0.8779 0.3083
vn 0.4686 0.8826 -0.0376
vn -0.4178 0.8786 0.2313
vn 0.4686 0.8817 0.0550
vn -0.4532 0.8794 0.1458
vn 0.4505 0.8808 0.1458
vn -0.4713 0.8803 0.0550
vn 0.4151 0.8799 0.2313
vn -0.4713 0.8812 -0.0376
vn 0.3637 0.8790 0.3083
vn -0.4532 0.8821 -0.1284
vn 0.2982 0.8783 0.3737
vn -0.4178 0.8830 -0.2139
vn 0.2213 0.8777 0.4252
vn -0.1384 0.8857 -0.4432
vn 0.0449 0.8861 -0.4612
vn -0.3664 0.8838 -0.2909
vn 0.1357 0.8772 0.4606
vn 0.1357 0.8861 -0.4432
vn -0.0015 1.0000 0.0099
vn -0.0015 0.9999 0.0099
vn 0.0577 -0.9953 -0.0783
vn 0.0897 -0.9958 -0.0185
vn 0.0701 -0.9965 0.0464
vn 0.0102 -0.9969 0.0784
vn -0.0547 -0.9968 0.0587
vn -0.0867 -0.9962 -0.0012
vn -0.0670 -0.9956 -0.0660
vn -0.0072 -0.9952 -0.0980
vn -0.0939 -0.2620 -0.9605
vn -0.2790 -0.2626 -0.9237
vn -0.4533 -0.2636 -0.8515
vn -0.6102 -0.2649 -0.7467
vn -0.7436 -0.2664 -0.6133
vn -0.8484 -0.2681 -0.4564
vn -0.9206 -0.2699 -0.2821
vn -0.9574 -0.2718 -0.0970
vn -0.9574 -0.2737 0.0916
vn -0.9206 -0.2755 0.2767
vn -0.8484 -0.2771 0.4510
vn -0.7436 -0.2785 0.6079
vn -0.6102 -0.2796 0.7413
vn -0.4533 -0.2804 0.8461
vn -0.2790 -0.2808 0.9183
vn -0.0939 -0.2809 0.9551
vn 0.0948 -0.2806 0.9551
vn 0.2798 -0.2800 0.9183
vn 0.4541 -0.2790 0.8461
vn 0.6110 -0.2777 0.7413
vn 0.7444 -0.2762 0.6079
vn 0.8493 -0.2745 0.4510
vn 0.9215 -0.2727 0.2767
vn 0.9583 -0.2708 0.0917
vn 0.9583 -0.2689 -0.0970
vn 0.9215 -0.2671 -0.2821
vn 0.8492 -0.2655 -0.4564
vn 0.7444 -0.2641 -0.6132
vn 0.6110 -0.2630 -0.7467
vn 0.4541 -0.2622 -0.8515
vn 0.2798 -0.2618 -0.9237
vn 0.0947 -0.2617 -0.9605
vn -0.2468 -0.5146 -0.8212
vn -0.0828 -0.5140 -0.8538
vn -0.4012 -0.5154 -0.7572
vn -0.5402 -0.5166 -0.6643
vn -0.6584 -0.5179 -0.5461
vn -0.7513 -0.5194 -0.4071
vn -0.8153 -0.5211 -0.2527
vn -0.8479 -0.5227 -0.0888
vn -0.8479 -0.5244 0.0784
vn -0.8153 -0.5259 0.2424
vn -0.7513 -0.5274 0.3968
vn -0.6584 -0.5286 0.5358
vn -0.5402 -0.5296 0.6540
vn -0.4012 -0.5303 0.7469
vn -0.2467 -0.5307 0.8109
vn -0.0828 -0.5308 0.8435
vn 0.0844 -0.5305 0.8435
vn 0.2484 -0.5299 0.8109
vn 0.4028 -0.5291 0.7469
vn 0.5418 -0.5279 0.6540
vn 0.6600 -0.5266 0.5358
vn 0.7529 -0.5251 0.3968
vn 0.8169 -0.5235 0.2424
vn 0.8495 -0.5218 0.0784
vn 0.8495 -0.5201 -0.0887
vn 0.8169 -0.5186 -0.2527
vn 0.7529 -0.5171 -0.4071
vn 0.6600 -0.5159 -0.5461
vn 0.5418 -0.5149 -0.6643
vn 0.4028 -0.5142 -0.7572
vn 0.2483 -0.5138 -0.8212
vn 0.0844 -0.5137 -0.8538
vn -0.5154 0.5780 0.6327
vn 0.2346 0.5776 0.7819
vn 0.6261 0.5808 0.5203
vn 0.5136 0.5919 -0.6211
vn -0.6279 0.5891 -0.5087
vn -0.8081 0.5845 -0.0737
vn 0.8063 0.5854 0.0853
vn -0.0804 0.5768 0.8129
vn -0.7162 0.5801 0.3881
vn 0.7144 0.5823 0.3881
vn -0.3832 0.5914 -0.7095
vn 0.3814 0.5785 0.7210
vn 0.7144 0.5898 -0.3765
vn -0.8080 0.5829 0.0853
vn -0.3832 0.5773 0.7210
vn 0.3814 0.5926 -0.7095
vn -0.7162 0.5876 -0.3765
vn 0.5136 0.5795 0.6327
vn 0.0786 0.5930 -0.8013
vn 0.0786 0.5771 0.8129
vn -0.7770 0.5861 -0.2297
vn -0.5154 0.5903 -0.6211
vn 0.8063 0.5870 -0.0737
vn 0.6261 0.5910 -0.5087
vn -0.6278 0.5789 0.5203
vn 0.7752 0.5838 0.2412
vn -0.2363 0.5769 0.7819
vn -0.2363 0.5922 -0.7703
vn 0.2345 0.5930 -0.7703
vn -0.0804 0.5928 -0.8013
vn -0.7770 0.5814 0.2412
vn 0.7752 0.5884 -0.2296
vn -0.0324 0.9519 -0.3047
vn -0.0931 0.9517 -0.2926
vn 0.0902 0.9520 -0.2926
vn 0.0295 0.9520 -0.3047
vn 0.3006 0.9502 -0.0822
vn 0.2769 0.9507 -0.1394
vn -0.1502 0.9514 -0.2690
vn -0.3035 0.9475 0.1010
vn -0.2798 0.9469 0.1582
vn -0.0931 0.9457 0.3114
vn -0.0324 0.9457 0.3235
vn 0.3006 0.9484 0.1010
vn 0.3127 0.9490 0.0403
vn -0.3035 0.9493 -0.0822
vn -0.3156 0.9487 -0.0216
vn -0.2017 0.9509 -0.2346
vn -0.2454 0.9504 -0.1908
vn 0.2425 0.9512 -0.1908
vn 0.1988 0.9516 -0.2346
vn 0.1988 0.9467 0.2534
vn 0.2425 0.9472 0.2096
vn 0.0295 0.9458 0.3235
vn 0.0902 0.9460 0.3114
vn -0.2454 0.9465 0.2096
vn -0.2017 0.9461 0.2534
vn 0.3127 0.9496 -0.0216
vn -0.2798 0.9499 -0.1394
vn 0.1473 0.9518 -0.2690
vn -0.1502 0.9459 0.2877
vn -0.3155 0.9481 0.0403
vn 0.1473 0.9463 0.2877
vn 0.2769 0.9478 0.1582
vt 0.375000 0.500000
vt 0.343750 0.500000
vt 0.531250 0.500000
vt 0.500000 0.500000
vt 0.125000 0.500000
vt 0.093750 0.500000
vt 0.562500 0.500000
vt 0.156250 0.500000
vt 0.593750 0.500000
vt 0.187500 0.500000
vt 0.781250 0.500000
vt 0.750000 0.500000
vt 0.625000 0.500000
vt 0.218750 0.500000
vt 0.812500 0.500000
vt 0.656250 0.500000
vt 0.250000 0.500000
vt 0.843750 0.500000
vt 0.687500 0.500000
vt 0.281250 0.500000
vt 0.875000 0.500000
vt 0.718750 0.500000
vt 0.312500 0.500000
vt 0.906250 0.500000
vt 0.937500 0.500000
vt 0.968750 0.500000
vt 0.406250 0.500000
vt 0.000000 0.500000
vt 0.437500 0.500000
vt 0.031250 0.500000
vt 0.468750 0.500000
vt 0.062500 0.500000
vt 0.812500 0.500000
vt 0.906250 0.500000
vt 0.312500 0.500000
vt 0.437500 0.500000
vt 0.500000 0.500000
vt 0.622817 0.500000
vt 0.564567 0.500000
vt 0.488560 0.500000
vt 0.409932 0.500000
vt 0.339976 0.500000
vt 0.304600 0.500000
vt 0.407503 0.500000
vt 0.610889 0.500000
vt 0.687500 0.375000
vt 0.750000 0.375000
vt 0.687500 0.250000
vt 0.750000 0.250000
vt 0.687500 0.125000
vt 0.734375 0.000000
vt 0.750000 0.125000
vt 0.812500 0.375000
vt 0.750000 0.750000
vt 0.687500 0.750000
vt 0.687500 0.625000
vt 0.750000 0.625000
vt 0.625000 0.875000
vt 0.625000 0.750000
vt 0.578125 1.000000
vt 0.562500 0.875000
vt 0.625000 0.375000
vt 0.625000 0.250000
vt 0.625000 0.625000
vt 0.562500 0.750000
vt 0.625000 0.125000
vt 0.562500 0.125000
vt 0.609375 0.000000
vt 0.562500 0.375000
vt 0.562500 0.250000
vt 0.562500 0.625000
vt 0.500000 0.875000
vt 0.500000 0.750000
vt 0.500000 0.375000
vt 0.500000 0.250000
vt 0.500000 0.625000
vt 0.437500 0.875000
vt 0.437500 0.750000
vt 0.453125 1.000000
vt 0.437500 0.625000
vt 0.437500 0.250000
vt 0.437500 0.125000
vt 0.500000 0.125000
vt 0.375000 0.875000
vt 0.375000 0.750000
vt 0.437500 0.375000
vt 0.484375 0.000000
vt 0.375000 0.250000
vt 0.375000 0.625000
vt 0.312500 0.875000
vt 0.312500 0.750000
vt 0.375000 0.375000
vt 0.328125 1.000000
vt 0.312500 0.250000
vt 0.312500 0.125000
vt 0.375000 0.125000
vt 0.312500 0.625000
vt 0.250000 0.875000
vt 0.250000 0.750000
vt 0.312500 0.375000
vt 0.359375 0.000000
vt 0.250000 0.625000
vt 0.187500 0.875000
vt 0.187500 0.750000
vt 0.250000 0.375000
vt 0.203125 1.000000
vt 0.250000 0.250000
vt 0.125000 0.875000
vt 0.125000 0.750000
vt 0.187500 0.625000
vt 0.187500 0.375000
vt 0.250000 0.125000
vt 0.187500 0.125000
vt 0.234375 0.000000
vt 0.187500 0.250000
vt 0.125000 0.625000
vt 0.062500 0.875000
vt 0.062500 0.750000
vt 0.125000 0.375000
vt 0.078125 1.000000
vt 0.125000 0.250000
vt 0.000000 0.875000
vt 0.000000 0.750000
vt 0.062500 0.375000
vt 0.125000 0.125000
vt 0.062500 0.125000
vt 0.109375 0.000000
vt 0.062500 0.250000
vt 0.062500 0.625000
vt 0.953125 1.000000
vt 0.937500 0.875000
vt 1.000000 0.875000
vt 0.000000 0.375000
vt 0.000000 0.250000
vt 0.000000 0.625000
vt 0.937500 0.750000
vt 1.000000 0.750000
vt 1.000000 0.500000
vt 0.937500 0.375000
vt 1.000000 0.375000
vt 1.000000 0.125000
vt 0.937500 0.125000
vt 0.984375 0.000000
vt 0.937500 0.250000
vt 1.000000 0.250000
vt 0.937500 0.625000
vt 1.000000 0.625000
vt 0.875000 0.875000
vt 0.875000 0.750000
vt 0.828125 1.000000
vt 0.812500 0.875000
vt 0.875000 0.375000
vt 0.875000 0.250000
vt 0.875000 0.625000
vt 0.812500 0.750000
vt 0.812500 0.250000
vt 0.875000 0.125000
vt 0.812500 0.125000
vt 0.859375 0.000000
vt 0.812500 0.625000
vt 0.750000 0.875000
vt 0.703125 1.000000
vt 0.687500 0.875000
vt 0.416667 0.750000
vt 0.416667 0.833333
vt 0.500000 0.833333
vt 0.500000 0.666667
vt 0.416667 0.666667
vt 0.500000 0.916667
vt 0.416667 0.916667
vt 0.458333 1.000000
vt 0.500000 0.583333
vt 0.416667 0.583333
vt 0.500000 0.500000
vt 0.416667 0.500000
vt 0.333333 0.833333
vt 0.333333 0.916667
vt 0.333333 0.500000
vt 0.333333 0.583333
vt 0.333333 0.750000
vt 0.333333 0.666667
vt 0.375000 1.000000
vt 0.250000 0.666667
vt 0.250000 0.916667
vt 0.291667 1.000000
vt 0.250000 0.583333
vt 0.250000 0.833333
vt 0.250000 0.500000
vt 0.166667 0.750000
vt 0.166667 0.833333
vt 0.166667 0.666667
vt 0.166667 0.916667
vt 0.208333 1.000000
vt 0.166667 0.583333
vt 0.166667 0.500000
vt 0.083333 0.583333
vt 0.083333 0.666667
vt 0.083333 0.833333
vt 0.083333 0.916667
vt 0.083333 0.500000
vt 0.083333 0.750000
vt 0.125000 1.000000
vt 0.000000 0.666667
vt 0.000000 0.916667
vt 0.041667 1.000000
vt 0.000000 0.583333
vt 0.000000 0.833333
vt 0.500000 0.500000
vt 0.333333 0.500000
vt 0.166667 0.500000
vt 1.000000 1.000000
vt 0.900000 1.000000
vt 0.900000 0.500000
vt 0.800000 1.000000
vt 0.800000 0.500000
vt 0.700000 1.000000
vt 0.700000 0.500000
vt 0.600000 1.000000
vt 0.600000 0.500000
vt 0.500000 1.000000
vt 0.500000 0.500000
vt 0.400000 1.000000
vt 0.400000 0.500000
vt 0.300000 1.000000
vt 0.300000 0.500000
vt 0.200000 1.000000
vt 0.200000 0.500000
vt 0.100000 1.000000
vt 0.100000 0.500000
vt -0.000000 1.000000
vt -0.000000 0.500000
vt 0.676471 0.500000
vt 0.588235 0.500000
vt 0.323529 0.500000
vt 0.411765 0.500000
vt 0.676471 0.500000
vt 0.323529 0.500000
vt 0.771031 0.500000
vt 0.741239 0.500000
vt 0.800591 0.500000
vt 0.829797 0.500000
vt 0.858406 0.500000
vt 0.906250 0.500000
vt 0.885801 0.500000
vt 0.909359 0.500000
vt 0.851689 0.500000
vt 0.117060 0.500000
vt 0.059391 0.500000
vt 0.082949 0.500000
vt 0.110343 0.500000
vt 0.138953 0.500000
vt 0.168159 0.500000
vt 0.197719 0.500000
vt 0.227511 0.500000
vt 0.257467 0.500000
vt 0.281250 0.500000
vt 0.287540 0.500000
vt 0.317702 0.500000
vt 0.347928 0.500000
vt 0.378204 0.500000
vt 0.406250 0.500000
vt 0.408515 0.500000
vt 0.438850 0.500000
vt 0.469198 0.500000
vt 0.499552 0.500000
vt 0.529900 0.500000
vt 0.560235 0.500000
vt 0.590546 0.500000
vt 0.620821 0.500000
vt 0.651049 0.500000
vt 0.681210 0.500000
vt 0.711283 0.500000
vt 0.742307 0.500000
vt 0.772280 0.500000
vt 0.802053 0.500000
vt 0.831521 0.500000
vt 0.860482 0.500000
vt 0.888424 0.500000
vt 0.913231 0.500000
vt 0.864393 0.500000
vt 0.104357 0.500000
vt 0.055519 0.500000
vt 0.080326 0.500000
vt 0.108268 0.500000
vt 0.137229 0.500000
vt 0.166697 0.500000
vt 0.196470 0.500000
vt 0.226443 0.500000
vt 0.256558 0.500000
vt 0.286776 0.500000
vt 0.317070 0.500000
vt 0.347422 0.500000
vt 0.377816 0.500000
vt 0.408241 0.500000
vt 0.438686 0.500000
vt 0.469144 0.500000
vt 0.499606 0.500000
vt 0.530064 0.500000
vt 0.560509 0.500000
vt 0.590934 0.500000
vt 0.621328 0.500000
vt 0.651680 0.500000
vt 0.681974 0.500000
vt 0.712192 0.500000
vt 1.000000 0.532292
vt 0.968750 0.532292
vt 0.968750 0.500000
vt 0.999891 0.500000
vt 0.750000 0.489984
vt 0.796819 0.485373
vt 0.795711 0.479804
vt 0.750000 0.484306
vt 0.937500 0.532292
vt 0.937500 0.500000
vt 0.841838 0.471716
vt 0.839665 0.466470
vt 0.906250 0.532292
vt 0.883328 0.449539
vt 0.880173 0.444818
vt 0.875000 0.532292
vt 0.875000 0.500000
vt 0.919694 0.419694
vt 0.915679 0.415679
vt 0.843750 0.532292
vt 0.843750 0.500000
vt 0.949539 0.383328
vt 0.944818 0.380173
vt 0.812500 0.532292
vt 0.812500 0.500000
vt 0.971716 0.341838
vt 0.966470 0.339665
vt 0.781250 0.532292
vt 0.781250 0.500000
vt 0.985373 0.296819
vt 0.979804 0.295711
vt 0.750000 0.532292
vt 0.989984 0.250000
vt 0.984306 0.250000
vt 0.718750 0.532292
vt 0.985373 0.203181
vt 0.979804 0.204289
vt 0.687500 0.532292
vt 0.971716 0.158162
vt 0.966470 0.160335
vt 0.656250 0.532292
vt 0.949539 0.116672
vt 0.944818 0.119827
vt 0.625000 0.532292
vt 0.919694 0.080306
vt 0.915679 0.084321
vt 0.593750 0.532292
vt 0.883328 0.050461
vt 0.880173 0.055182
vt 0.562500 0.532292
vt 0.841838 0.028284
vt 0.839665 0.033530
vt 0.531250 0.532292
vt 0.796819 0.014627
vt 0.795711 0.020196
vt 0.500000 0.532292
vt 0.750000 0.010016
vt 0.750000 0.015694
vt 0.468750 0.532292
vt 0.468750 0.500000
vt 0.703182 0.014627
vt 0.704289 0.020196
vt 0.437500 0.532292
vt 0.658162 0.028284
vt 0.660335 0.033530
vt 0.406250 0.532292
vt 0.406250 0.500000
vt 0.616672 0.050461
vt 0.619827 0.055182
vt 0.375000 0.532292
vt 0.375000 0.500000
vt 0.580306 0.080306
vt 0.584321 0.084321
vt 0.343750 0.532292
vt 0.343750 0.500000
vt 0.550461 0.116672
vt 0.555182 0.119827
vt 0.312500 0.532292
vt 0.528284 0.158162
vt 0.533530 0.160335
vt 0.281250 0.532292
vt 0.281250 0.500000
vt 0.514627 0.203181
vt 0.520196 0.204289
vt 0.250000 0.532292
vt 0.510016 0.250000
vt 0.515694 0.250000
vt 0.218750 0.532292
vt 0.218750 0.500000
vt 0.514627 0.296819
vt 0.520196 0.295711
vt 0.187500 0.532292
vt 0.187500 0.500000
vt 0.528284 0.341838
vt 0.533530 0.339665
vt 0.156250 0.532292
vt 0.156250 0.500000
vt 0.550461 0.383328
vt 0.555182 0.380173
vt 0.125000 0.532292
vt 0.125000 0.500000
vt 0.580306 0.419694
vt 0.584321 0.415679
vt 0.093750 0.532292
vt 0.093750 0.500000
vt 0.616672 0.449539
vt 0.619827 0.444818
vt 0.062500 0.532292
vt 0.062500 0.500000
vt 0.658162 0.471716
vt 0.660335 0.466470
vt 0.031250 0.532292
vt 0.031250 0.500000
vt 0.703182 0.485373
vt 0.704289 0.479804
vt 0.000000 0.532292
vt 0.000109 0.500000
vt 0.968750 1.000000
vt 0.937500 1.000000
vt 0.906250 1.000000
vt 0.875000 1.000000
vt 0.843750 1.000000
vt 0.812500 1.000000
vt 0.781250 1.000000
vt 0.750000 1.000000
vt 0.718750 1.000000
vt 0.687500 1.000000
vt 0.656250 1.000000
vt 0.625000 1.000000
vt 0.593750 1.000000
vt 0.562500 1.000000
vt 0.531250 1.000000
vt 0.500000 1.000000
vt 0.468750 1.000000
vt 0.437500 1.000000
vt 0.406250 1.000000
vt 0.343750 1.000000
vt 0.312500 1.000000
vt 0.281250 1.000000
vt 0.250000 1.000000
vt 0.218750 1.000000
vt 0.187500 1.000000
vt 0.156250 1.000000
vt 0.093750 1.000000
vt 0.062500 1.000000
vt 0.031250 1.000000
vt 0.000000 1.000000
vt 0.999733 1.000000
vt 0.998942 1.000000
vt 0.968750 1.000000
vt 0.997657 1.000000
vt 0.995928 1.000000
vt 0.296704 0.484799
vt 0.250000 0.489399
vt 0.278308 0.392314
vt 0.341614 0.471176
vt 0.305528 0.384057
vt 0.271106 0.356107
vt 0.291401 0.349951
vt 0.263291 0.316821
vt 0.276072 0.312944
vt 0.260131 0.274458
vt 0.906250 1.000000
vt 0.383003 0.449053
vt 0.330614 0.370648
vt 0.419281 0.419281
vt 0.352603 0.352603
vt 0.310105 0.339953
vt 0.326499 0.326499
vt 0.287851 0.306648
vt 0.298175 0.298175
vt 0.264708 0.272011
vt 0.268719 0.268719
vt 0.843750 1.000000
vt 0.449053 0.383003
vt 0.370648 0.330614
vt 0.812500 1.000000
vt 0.471176 0.341614
vt 0.384057 0.305528
vt 0.339953 0.310105
vt 0.349951 0.291401
vt 0.306648 0.287851
vt 0.312944 0.276072
vt 0.274458 0.260131
vt 0.781250 1.000000
vt 0.484799 0.296704
vt 0.392314 0.278308
vt 0.489399 0.250000
vt 0.395102 0.250000
vt 0.356107 0.271106
vt 0.358186 0.250000
vt 0.316821 0.263291
vt 0.318130 0.250000
vt 0.275964 0.255165
vt 0.276473 0.250000
vt 0.718750 1.000000
vt 0.484799 0.203296
vt 0.392314 0.221692
vt 0.471176 0.158386
vt 0.384057 0.194472
vt 0.356107 0.228894
vt 0.349951 0.208599
vt 0.316821 0.236708
vt 0.312944 0.223928
vt 0.274458 0.239869
vt 0.449053 0.116997
vt 0.370648 0.169386
vt 0.419281 0.080719
vt 0.352603 0.147397
vt 0.339953 0.189895
vt 0.326499 0.173501
vt 0.306648 0.212149
vt 0.298175 0.201825
vt 0.272011 0.235292
vt 0.268719 0.231281
vt 0.593750 1.000000
vt 0.383003 0.050947
vt 0.330615 0.129352
vt 0.562500 1.000000
vt 0.341614 0.028824
vt 0.305528 0.115943
vt 0.310105 0.160047
vt 0.291401 0.150049
vt 0.287851 0.193352
vt 0.276072 0.187056
vt 0.260131 0.225542
vt 0.531250 1.000000
vt 0.296704 0.015201
vt 0.278308 0.107686
vt 0.500000 1.000000
vt 0.250000 0.010601
vt 0.250000 0.104898
vt 0.271106 0.143893
vt 0.250000 0.141814
vt 0.263292 0.183179
vt 0.250000 0.181870
vt 0.255165 0.224036
vt 0.250000 0.223527
vt 0.468750 1.000000
vt 0.468750 1.000000
vt 0.203296 0.015201
vt 0.221692 0.107686
vt 0.158386 0.028824
vt 0.194472 0.115943
vt 0.228894 0.143893
vt 0.208599 0.150049
vt 0.236709 0.183179
vt 0.223928 0.187056
vt 0.239869 0.225542
vt 0.406250 1.000000
vt 0.116997 0.050947
vt 0.169386 0.129352
vt 0.375000 1.000000
vt 0.080719 0.080719
vt 0.147397 0.147397
vt 0.189895 0.160047
vt 0.173501 0.173501
vt 0.212149 0.193352
vt 0.201825 0.201825
vt 0.235292 0.227989
vt 0.231281 0.231281
vt 0.343750 1.000000
vt 0.050947 0.116997
vt 0.129352 0.169386
vt 0.312500 1.000000
vt 0.028824 0.158386
vt 0.115943 0.194472
vt 0.160047 0.189895
vt 0.150049 0.208599
vt 0.193352 0.212149
vt 0.187056 0.223928
vt 0.225542 0.239869
vt 0.281250 1.000000
vt 0.281250 1.000000
vt 0.015201 0.203296
vt 0.107686 0.221692
vt 0.250000 1.000000
vt 0.010601 0.250000
vt 0.104898 0.250000
vt 0.143893 0.228894
vt 0.141814 0.250000
vt 0.183179 0.236709
vt 0.181870 0.250000
vt 0.224036 0.244835
vt 0.223527 0.250000
vt 0.218750 1.000000
vt 0.015201 0.296704
vt 0.107686 0.278308
vt 0.028824 0.341614
vt 0.115943 0.305528
vt 0.143893 0.271106
vt 0.150049 0.291401
vt 0.183179 0.263291
vt 0.187056 0.276072
vt 0.225542 0.260131
vt 0.050947 0.383003
vt 0.129352 0.330615
vt 0.125000 1.000000
vt 0.080719 0.419281
vt 0.147397 0.352603
vt 0.160047 0.310105
vt 0.173501 0.326499
vt 0.193352 0.287851
vt 0.201825 0.298175
vt 0.227989 0.264708
vt 0.231281 0.268719
vt 0.093750 1.000000
vt 0.093750 1.000000
vt 0.116997 0.449053
vt 0.169386 0.370648
vt 0.062500 1.000000
vt 0.062500 1.000000
vt 0.158386 0.471176
vt 0.194472 0.384057
vt 0.189895 0.339953
vt 0.208599 0.349951
vt 0.212149 0.306648
vt 0.223928 0.312944
vt 0.239869 0.274458
vt 0.031250 1.000000
vt 0.031250 1.000000
vt 0.203296 0.484799
vt 0.221692 0.392314
vt 0.000267 1.000000
vt 0.001058 1.000000
vt 0.002343 1.000000
vt 0.004072 1.000000
vt 0.250000 0.395102
vt 0.228894 0.356107
vt 0.250000 0.358186
vt 0.236709 0.316821
vt 0.250000 0.318130
vt 0.244835 0.275964
vt 0.250000 0.276473
vt 0.264681 0.264681
vt 0.270762 0.250000
vt 0.264681 0.235319
vt 0.250000 0.229238
vt 0.235319 0.235319
vt 0.229238 0.250000
vt 0.235319 0.264681
vt 0.250000 0.270762
vt 0.125000 0.500000
vt 0.156250 0.500000
vt 0.875000 0.500000
vt 0.468750 0.500000
vt 0.250000 0.500000
vt 0.437500 0.500000
vt 0.031250 0.500000
vt 0.781250 0.500000
vt 0.875000 0.500000
vt 0.156250 0.500000
vt 0.312500 0.500000
vt 0.562256 0.500000
vt 0.513321 0.500000
vt 0.460875 0.500000
vt 0.419637 0.500000
vt 0.413110 0.500000
vt 0.475176 0.500000
vt 0.565486 0.500000
vt 0.590124 0.500000
vt 0.875000 0.500000
vt 0.500000 0.500000
vt 0.500000 0.500000
vt 0.437500 0.500000
vt 0.031250 0.500000
vt 0.031250 0.500000
vt 0.187500 0.500000
vt 0.750000 0.500000
vt 0.781250 0.500000
s 0
f 53/1/1 52/2/1 84/2/1 85/1/1
f 25/3/2 24/4/2 57/4/2 58/3/2
f 12/5/3 11/6/3 44/6/3 45/5/3
f 26/7/4 25/3/4 58/3/4 59/7/4
f 13/8/5 12/5/5 45/5/5 46/8/5
f 27/9/6 26/7/6 59/7/6 60/9/6
f 14/10/7 13/8/7 46/8/7 47/10/7
f 1/11/8 32/12/8 33/12/8 34/11/8
f 28/13/9 27/9/9 60/9/9 61/13/9
f 15/14/10 14/10/10 47/10/10 48/14/10
f 2/15/11 1/11/11 34/11/11 35/15/11
f 29/16/12 28/13/12 61/13/12 62/16/12
f 16/17/13 15/14/13 48/14/13 49/17/13
f 3/18/14 2/15/14 35/15/14 36/18/14
f 30/19/15 29/16/15 62/16/15 63/19/15
f 17/20/16 16/17/16 49/17/16 50/20/16
f 4/21/17 3/18/17 36/18/17 37/21/17
f 31/22/18 30/19/18 63/19/18 64/22/18
f 18/23/19 17/20/19 50/20/19 51/23/19
f 5/24/20 4/21/20 37/21/20 38/24/20
f 32/12/21 31/22/21 64/22/21 33/12/21
f 19/2/22 18/23/22 51/23/22 52/2/22
f 6/25/23 5/24/23 38/24/23 39/25/23
f 20/1/24 19/2/24 52/2/24 53/1/24
f 7/26/25 6/25/25 39/25/25 40/26/25
f 21/27/26 20/1/26 53/1/26 54/27/26
f 8/28/27 7/26/27 40/26/27 41/28/27
f 22/29/28 21/27/28 54/27/28 55/29/28
f 9/30/29 8/28/29 41/28/29 42/30/29
f 23/31/30 22/29/30 55/29/30 56/31/30
f 10/32/31 9/30/31 42/30/31 43/32/31
f 24/4/32 23/31/32 56/31/32 57/4/32
f 11/6/33 10/32/33 43/32/33 44/6/33
f 92/9/34 91/7/34 123/7/34 124/9/34
f 40/26/35 39/25/35 71/25/35 72/26/35
f 54/27/36 53/1/36 85/1/36 86/27/36
f 41/28/37 40/26/37 72/26/37 73/28/37
f 55/29/38 54/27/38 86/27/38 87/29/38
f 42/30/39 41/28/39 73/28/39 74/30/39
f 56/31/40 55/29/40 87/29/40 88/31/40
f 43/32/41 42/30/41 74/30/41 75/32/41
f 57/4/42 56/31/42 88/31/42 89/4/42
f 44/6/43 43/32/43 75/32/43 76/6/43
f 58/3/44 57/4/44 89/4/44 90/3/44
f 45/5/45 44/6/45 76/6/45 77/5/45
f 59/7/46 58/3/46 90/3/46 91/7/46
f 46/8/47 45/5/47 77/5/47 78/8/47
f 60/9/48 59/7/48 91/7/48 92/9/48
f 47/10/49 46/8/49 78/8/49 79/10/49
f 34/11/50 33/12/50 65/12/50 66/11/50
f 61/13/51 60/9/51 92/9/51 93/13/51
f 48/14/52 47/10/52 79/10/52 80/14/52
f 35/15/53 34/11/53 66/11/53 67/15/53
f 62/16/54 61/13/54 93/13/54 94/16/54
f 49/17/55 48/14/55 80/14/55 81/17/55
f 36/18/56 35/15/56 67/15/56 68/18/56
f 63/19/57 62/16/57 94/16/57 95/19/57
f 50/20/58 49/17/58 81/17/58 82/20/58
f 37/21/59 36/18/59 68/18/59 69/21/59
f 64/22/60 63/19/60 95/19/60 96/22/60
f 51/23/61 50/20/61 82/20/61 83/23/61
f 38/24/62 37/21/62 69/21/62 70/24/62
f 33/12/63 64/22/63 96/22/63 65/12/63
f 52/2/64 51/23/64 83/23/64 84/2/64
f 39/25/65 38/24/65 70/24/65 71/25/65
f 100/18/66 99/15/66 131/15/66 132/18/66
f 79/10/67 78/8/67 110/8/67 111/10/67
f 66/11/68 65/12/68 97/12/68 98/11/68
f 93/13/69 92/9/69 124/9/69 125/13/69
f 80/14/70 79/10/70 111/10/70 112/14/70
f 67/15/71 66/11/71 98/11/71 99/15/71
f 94/16/72 93/13/72 125/13/72 126/16/72
f 81/17/73 80/14/73 112/14/73 113/17/73
f 68/18/74 67/15/74 99/15/74 100/18/74
f 95/19/75 94/16/75 126/16/75 127/19/75
f 82/20/76 81/17/76 113/17/76 114/20/76
f 69/21/77 68/18/77 100/18/77 101/21/77
f 96/22/78 95/19/78 127/19/78 128/22/78
f 83/23/79 82/20/79 114/20/79 115/23/79
f 70/24/80 69/21/80 101/21/80 102/24/80
f 65/12/81 96/22/81 128/22/81 97/12/81
f 84/2/82 83/23/82 115/23/82 116/2/82
f 71/25/83 70/24/83 102/24/83 103/25/83
f 85/1/84 84/2/84 116/2/84 117/1/84
f 72/26/85 71/25/85 103/25/85 104/26/85
f 86/27/86 85/1/86 117/1/86 118/27/86
f 73/28/87 72/26/87 104/26/87 105/28/87
f 87/29/88 86/27/88 118/27/88 119/29/88
f 74/30/89 73/28/89 105/28/89 106/30/89
f 88/31/90 87/29/90 119/29/90 120/31/90
f 75/32/91 74/30/91 106/30/91 107/32/91
f 89/4/92 88/31/92 120/31/92 121/4/92
f 76/6/93 75/32/93 107/32/93 108/6/93
f 90/3/94 89/4/94 121/4/94 122/3/94
f 77/5/95 76/6/95 108/6/95 109/5/95
f 91/7/96 90/3/96 122/3/96 123/7/96
f 78/8/97 77/5/97 109/5/97 110/8/97
f 127/19/98 126/16/98 158/16/98 159/19/98
f 114/20/99 113/17/99 145/17/99 146/20/99
f 101/21/100 100/18/100 132/18/100 133/21/100
f 128/22/101 127/19/101 159/19/101 160/22/101
f 115/23/102 114/20/102 146/20/102 147/23/102
f 102/24/103 101/21/103 133/21/103 134/24/103
f 97/12/104 128/22/104 160/22/104 129/12/104
f 116/2/105 115/23/105 147/23/105 148/2/105
f 103/25/106 102/24/106 134/24/106 135/25/106
f 117/1/107 116/2/107 148/2/107 149/1/107
f 104/26/108 103/25/108 135/25/108 136/26/108
f 118/27/109 117/1/109 149/1/109 150/27/109
f 105/28/110 104/26/110 136/26/110 137/28/110
f 119/29/111 118/27/111 150/27/111 151/29/111
f 106/30/112 105/28/112 137/28/112 138/30/112
f 120/31/113 119/29/113 151/29/113 152/31/113
f 107/32/114 106/30/114 138/30/114 139/32/114
f 121/4/115 120/31/115 152/31/115 153/4/115
f 108/6/116 107/32/116 139/32/116 140/6/116
f 122/3/117 121/4/117 153/4/117 154/3/117
f 109/5/118 108/6/118 140/6/118 141/5/118
f 123/7/119 122/3/119 154/3/119 155/7/119
f 110/8/120 109/5/120 141/5/120 142/8/120
f 124/9/121 123/7/121 155/7/121 156/9/121
f 111/10/122 110/8/122 142/8/122 143/10/122
f 98/11/123 97/12/123 129/12/123 130/11/123
f 125/13/124 124/9/124 156/9/124 157/13/124
f 112/14/125 111/10/125 143/10/125 144/14/125
f 99/15/126 98/11/126 130/11/126 131/15/126
f 126/16/127 125/13/127 157/13/127 158/16/127
f 113/17/128 112/14/128 144/14/128 145/17/128
f 167/5/129 166/6/129 232/6/129 231/5/129
f 174/7/130 173/3/130 228/7/130
f 168/10/131 167/8/131 231/10/131
f 175/13/132 174/9/132 228/9/132 227/13/132
f 162/15/133 161/11/133 226/15/133
f 169/17/134 168/14/134 231/14/134 230/17/134
f 176/19/135 175/16/135 227/19/135
f 163/21/136 162/18/136 226/18/136 233/21/136
f 170/23/137 169/20/137 230/23/137
f 161/12/138 176/22/138 227/22/138 226/12/138
f 164/25/139 163/24/139 233/25/139
f 171/1/140 170/2/140 230/2/140 229/1/140
f 165/28/141 164/26/141 233/26/141 232/28/141
f 172/29/142 171/27/142 229/29/142
f 166/32/143 165/30/143 232/32/143
f 173/4/144 172/31/144 229/31/144 228/4/144
f 6/25/145 10/32/145 11/6/145 5/24/145
f 5/24/145 11/6/145 12/5/145 4/21/145
f 4/21/145 12/5/145 13/8/145 3/18/145
f 3/18/145 13/8/145 14/10/145 2/15/145
f 2/15/145 14/10/145 15/14/145 1/11/145
f 1/11/145 15/14/145 16/17/145 32/12/145
f 32/12/145 16/17/145 17/20/145 31/22/145
f 31/22/145 17/20/145 18/23/145 30/19/145
f 30/19/145 18/23/145 19/2/145 29/16/145
f 29/16/145 19/2/145 20/1/145 28/13/145
f 28/13/145 20/1/145 21/27/145 27/9/145
f 27/9/145 21/27/145 22/29/145 26/7/145
f 25/3/145 23/31/145 24/4/145
f 8/28/145 9/30/145 7/26/145
f 26/7/145 22/29/145 23/31/145 25/3/145
f 9/30/145 10/32/145 6/25/145 7/26/145
f 179/11/146 180/11/146 178/12/146
f 179/11/147 181/33/147 182/33/147 180/11/147
f 181/18/148 183/18/148 182/33/148
f 181/18/149 184/21/149 185/21/149 183/18/149
f 184/24/150 186/34/150 185/21/150
f 184/24/151 187/25/151 188/25/151 186/34/151
f 187/26/152 189/26/152 188/25/152
f 187/26/153 190/28/153 191/28/153 189/26/153
f 190/30/154 192/30/154 191/28/154
f 190/30/155 193/32/155 194/32/155 192/30/155
f 193/6/156 195/6/156 194/32/156
f 193/6/157 196/5/157 197/5/157 195/6/157
f 196/8/158 198/8/158 197/5/158
f 196/8/159 199/10/159 200/10/159 198/8/159
f 199/14/160 201/14/160 200/10/160
f 199/14/161 202/17/161 203/17/161 201/14/161
f 202/20/162 204/20/162 203/17/162
f 202/20/163 205/23/163 206/35/163 204/20/163
f 205/2/164 207/2/164 206/35/164
f 205/2/165 208/1/165 209/1/165 207/2/165
f 208/27/166 210/27/166 209/1/166
f 208/27/167 211/36/167 212/36/167 210/27/167
f 211/31/168 213/31/168 212/36/168
f 211/31/169 214/37/169 215/37/169 213/31/169
f 214/3/170 216/3/170 215/37/170
f 214/3/171 217/7/171 218/7/171 216/3/171
f 217/9/172 219/9/172 218/7/172
f 217/9/173 220/13/173 221/13/173 219/9/173
f 220/16/174 222/16/174 221/13/174
f 220/16/175 223/19/175 224/19/175 222/16/175
f 223/22/176 225/22/176 224/19/176
f 223/22/177 179/12/177 178/12/177 225/22/177
f 130/11/178 129/12/178 178/12/178 180/11/178
f 179/12/179 223/22/179 176/22/179 161/12/179
f 129/12/180 160/22/180 225/22/180 178/12/180
f 131/15/181 130/11/181 180/11/181 182/33/181
f 181/33/182 179/11/182 161/11/182 162/15/182
f 132/18/183 131/15/183 182/33/183 183/18/183
f 133/21/184 132/18/184 183/18/184 185/21/184
f 184/21/185 181/18/185 162/18/185 163/21/185
f 134/24/186 133/21/186 185/21/186 186/34/186
f 135/25/187 134/24/187 186/34/187 188/25/187
f 187/25/188 184/24/188 163/24/188 164/25/188
f 136/26/189 135/25/189 188/25/189 189/26/189
f 137/28/190 136/26/190 189/26/190 191/28/190
f 190/28/191 187/26/191 164/26/191 165/28/191
f 138/30/192 137/28/192 191/28/192 192/30/192
f 193/32/193 190/30/193 165/30/193 166/32/193
f 139/32/194 138/30/194 192/30/194 194/32/194
f 140/6/195 139/32/195 194/32/195 195/6/195
f 141/5/196 140/6/196 195/6/196 197/5/196
f 196/5/197 193/6/197 166/6/197 167/5/197
f 142/8/198 141/5/198 197/5/198 198/8/198
f 143/10/199 142/8/199 198/8/199 200/10/199
f 199/10/200 196/8/200 167/8/200 168/10/200
f 144/14/201 143/10/201 200/10/201 201/14/201
f 145/17/202 144/14/202 201/14/202 203/17/202
f 202/17/203 199/14/203 168/14/203 169/17/203
f 146/20/204 145/17/204 203/17/204 204/20/204
f 147/23/205 146/20/205 204/20/205 206/35/205
f 205/23/206 202/20/206 169/20/206 170/23/206
f 148/2/207 147/23/207 206/35/207 207/2/207
f 149/1/208 148/2/208 207/2/208 209/1/208
f 208/1/209 205/2/209 170/2/209 171/1/209
f 150/27/210 149/1/210 209/1/210 210/27/210
f 151/29/211 150/27/211 210/27/211 212/36/211
f 211/36/212 208/27/212 171/27/212 172/29/212
f 152/31/213 151/29/213 212/36/213 213/31/213
f 153/4/214 152/31/214 213/31/214 215/37/214
f 214/37/215 211/31/215 172/31/215 173/4/215
f 154/3/216 153/4/216 215/37/216 216/3/216
f 155/7/217 154/3/217 216/3/217 218/7/217
f 217/7/218 214/3/218 173/3/218 174/7/218
f 156/9/219 155/7/219 218/7/219 219/9/219
f 157/13/220 156/9/220 219/9/220 221/13/220
f 220/13/221 217/9/221 174/9/221 175/13/221
f 158/16/222 157/13/222 221/13/222 222/16/222
f 159/19/223 158/16/223 222/16/223 224/19/223
f 223/19/224 220/16/224 175/16/224 176/19/224
f 160/22/225 159/19/225 224/19/225 225/22/225
f 177/38/226 226/12/226 227/19/226
f 177/39/227 227/13/227 228/7/227
f 177/40/228 228/4/228 229/29/228
f 177/41/229 229/1/229 230/23/229
f 177/42/230 230/17/230 231/10/230
f 177/43/231 231/5/231 232/32/231
f 177/44/232 232/28/232 233/25/232
f 177/45/233 233/21/233 226/15/233
f 235/12/234 239/19/234 240/46/234 329/47/234
f 240/46/235 241/48/235 330/49/235 329/47/235
f 248/50/236 236/51/236 331/52/236
f 323/15/237 235/12/237 329/47/237 324/53/237
f 327/54/238 237/55/238 238/56/238 328/57/238
f 330/49/239 241/48/239 248/50/239 331/52/239
f 238/56/240 239/19/240 235/12/240 328/57/240
f 242/58/241 243/59/241 237/55/241
f 234/60/242 254/61/242 242/58/242
f 240/46/243 246/62/243 247/63/243 241/48/243
f 237/55/244 243/59/244 244/64/244 238/56/244
f 241/48/245 247/63/245 248/50/245
f 238/56/246 244/64/246 245/13/246 239/19/246
f 242/58/247 254/61/247 249/65/247 243/59/247
f 239/19/248 245/13/248 246/62/248 240/46/248
f 248/66/249 260/67/249 236/68/249
f 246/62/250 252/69/250 253/70/250 247/63/250
f 243/59/251 249/65/251 250/71/251 244/64/251
f 247/63/252 253/70/252 260/67/252 248/66/252
f 244/64/253 250/71/253 251/7/253 245/13/253
f 254/72/254 255/73/254 249/65/254
f 245/13/255 251/7/255 252/69/255 246/62/255
f 252/69/256 258/74/256 259/75/256 253/70/256
f 249/65/257 255/73/257 256/76/257 250/71/257
f 253/70/258 259/75/258 260/67/258
f 250/71/259 256/76/259 257/4/259 251/7/259
f 254/72/260 267/77/260 261/78/260 255/73/260
f 251/7/261 257/4/261 258/74/261 252/69/261
f 234/79/262 267/77/262 254/72/262
f 255/73/263 261/78/263 262/80/263 256/76/263
f 259/75/264 265/81/264 266/82/264 260/83/264
f 256/76/265 262/80/265 263/29/265 257/4/265
f 267/84/266 268/85/266 261/78/266
f 257/4/267 263/29/267 264/86/267 258/74/267
f 260/83/268 266/82/268 236/87/268
f 258/74/269 264/86/269 265/81/269 259/75/269
f 265/81/270 272/88/270 266/82/270
f 261/78/271 268/85/271 269/89/271 262/80/271
f 262/80/272 269/89/272 270/1/272 263/29/272
f 267/84/273 278/90/273 273/91/273 268/85/273
f 263/29/274 270/1/274 271/92/274 264/86/274
f 234/93/275 278/90/275 267/84/275
f 264/86/276 271/92/276 272/88/276 265/81/276
f 272/88/277 277/94/277 284/95/277 266/96/277
f 269/89/278 274/97/278 275/23/278 270/1/278
f 278/98/279 279/99/279 273/91/279
f 270/1/280 275/23/280 276/100/280 271/92/280
f 266/96/281 284/95/281 236/101/281
f 271/92/282 276/100/282 277/94/282 272/88/282
f 268/85/283 273/91/283 274/97/283 269/89/283
f 274/97/284 280/102/284 281/17/284 275/23/284
f 278/98/285 285/103/285 286/104/285 279/99/285
f 275/23/286 281/17/286 282/105/286 276/100/286
f 234/106/287 285/103/287 278/98/287
f 276/100/288 282/105/288 283/107/288 277/94/288
f 273/91/289 279/99/289 280/102/289 274/97/289
f 277/94/290 283/107/290 284/95/290
f 285/108/291 291/109/291 286/104/291
f 280/102/292 287/110/292 288/10/292 281/17/292
f 281/17/293 288/10/293 289/111/293 282/105/293
f 284/112/294 296/113/294 236/114/294
f 282/105/295 289/111/295 290/115/295 283/107/295
f 279/99/296 286/104/296 287/110/296 280/102/296
f 283/107/297 290/115/297 296/113/297 284/112/297
f 287/110/298 292/116/298 293/5/298 288/10/298
f 285/108/299 302/117/299 297/118/299 291/109/299
f 288/10/300 293/5/300 294/119/300 289/111/300
f 234/120/301 302/117/301 285/108/301
f 289/111/302 294/119/302 295/121/302 290/115/302
f 286/104/303 291/109/303 292/116/303 287/110/303
f 290/115/304 295/121/304 296/113/304
f 302/122/305 303/123/305 297/118/305
f 293/5/306 299/32/306 300/124/306 294/119/306
f 296/125/307 308/126/307 236/127/307
f 294/119/308 300/124/308 301/128/308 295/121/308
f 291/109/309 297/118/309 298/129/309 292/116/309
f 295/121/310 301/128/310 308/126/310 296/125/310
f 292/116/311 298/129/311 299/32/311 293/5/311
f 234/130/312 314/131/312 302/132/312
f 299/32/313 305/28/313 306/133/313 300/124/313
f 300/124/314 306/133/314 307/134/314 301/128/314
f 297/118/315 303/123/315 304/135/315 298/129/315
f 301/128/316 307/134/316 308/126/316
f 298/129/317 304/135/317 305/28/317 299/32/317
f 302/132/318 314/131/318 309/136/318 303/137/318
f 305/138/319 311/25/319 312/139/319 306/140/319
f 308/141/320 320/142/320 236/143/320
f 306/140/321 312/139/321 313/144/321 307/145/321
f 303/137/322 309/136/322 310/146/322 304/147/322
f 307/145/323 313/144/323 320/142/323 308/141/323
f 304/147/324 310/146/324 311/25/324 305/138/324
f 314/148/325 315/149/325 309/136/325
f 234/150/326 326/151/326 314/148/326
f 312/139/327 318/152/327 319/153/327 313/144/327
f 309/136/328 315/149/328 316/154/328 310/146/328
f 313/144/329 319/153/329 320/142/329
f 310/146/330 316/154/330 317/21/330 311/25/330
f 314/148/331 326/151/331 321/155/331 315/149/331
f 311/25/332 317/21/332 318/152/332 312/139/332
f 318/152/333 324/53/333 325/156/333 319/153/333
f 320/157/334 331/158/334 236/159/334
f 315/149/335 321/155/335 322/160/335 316/154/335
f 319/153/336 325/156/336 331/158/336 320/157/336
f 316/154/337 322/160/337 323/15/337 317/21/337
f 326/161/338 327/54/338 321/155/338
f 317/21/339 323/15/339 324/53/339 318/152/339
f 324/53/340 329/47/340 330/49/340 325/156/340
f 321/155/341 327/54/341 328/57/341 322/160/341
f 325/156/342 330/49/342 331/158/342
f 323/15/343 322/160/343 328/57/343 235/12/343
f 234/162/344 242/163/344 326/161/344
f 242/163/345 237/55/345 327/54/345 326/161/345
f 333/12/286 427/47/286 338/46/286 337/19/286
f 338/46/288 427/47/288 428/49/288 339/48/288
f 346/50/346 429/52/346 334/51/346
f 421/15/293 422/53/293 427/47/293 333/12/293
f 425/54/289 426/57/289 336/56/289 335/55/289
f 428/49/347 429/52/347 346/50/347 339/48/347
f 336/56/284 426/57/284 333/12/284 337/19/284
f 340/58/348 335/55/348 341/59/348
f 332/60/349 340/58/349 352/61/349
f 338/46/282 339/48/282 345/63/282 344/62/282
f 335/55/283 336/56/283 342/64/283 341/59/283
f 339/48/350 346/50/350 345/63/350
f 336/56/278 337/19/278 343/13/278 342/64/278
f 340/58/351 341/59/351 347/65/351 352/61/351
f 337/19/280 338/46/280 344/62/280 343/13/280
f 346/66/352 334/68/352 358/67/352
f 344/62/276 345/63/276 351/70/276 350/69/276
f 341/59/271 342/64/271 348/71/271 347/65/271
f 345/63/353 346/66/353 358/67/353 351/70/353
f 342/64/272 343/13/272 349/7/272 348/71/272
f 352/72/354 347/65/354 353/73/354
f 343/13/274 344/62/274 350/69/274 349/7/274
f 350/69/269 351/70/269 357/75/269 356/74/269
f 347/65/263 348/71/263 354/76/263 353/73/263
f 351/70/355 358/67/355 357/75/355
f 348/71/265 349/7/265 355/4/265 354/76/265
f 352/72/356 353/73/356 359/78/356 365/77/356
f 349/7/267 350/69/267 356/74/267 355/4/267
f 332/79/357 352/72/357 365/77/357
f 353/73/257 354/76/257 360/80/257 359/78/257
f 357/75/358 358/83/358 364/82/358 363/81/358
f 354/76/259 355/4/259 361/29/259 360/80/259
f 365/84/359 359/78/359 366/85/359
f 355/4/261 356/74/261 362/86/261 361/29/261
f 358/83/360 334/87/360 364/82/360
f 356/74/256 357/75/256 363/81/256 362/86/256
f 363/81/361 364/82/361 370/88/361
f 359/78/251 360/80/251 367/89/251 366/85/251
f 360/80/253 361/29/253 368/1/253 367/89/253
f 365/84/362 366/85/362 371/91/362 376/90/362
f 361/29/255 362/86/255 369/92/255 368/1/255
f 332/93/363 365/84/363 376/90/363
f 362/86/250 363/81/250 370/88/250 369/92/250
f 370/88/364 364/96/364 382/95/364 375/94/364
f 367/89/246 368/1/246 373/23/246 372/97/246
f 376/98/365 371/91/365 377/99/365
f 368/1/248 369/92/248 374/100/248 373/23/248
f 364/96/366 334/101/366 382/95/366
f 369/92/243 370/88/243 375/94/243 374/100/243
f 366/85/244 367/89/244 372/97/244 371/91/244
f 372/97/240 373/23/240 379/17/240 378/102/240
f 376/98/367 377/99/367 384/104/367 383/103/367
f 373/23/234 374/100/234 380/105/234 379/17/234
f 332/106/368 376/98/368 383/103/368
f 374/100/235 375/94/235 381/107/235 380/105/235
f 371/91/238 372/97/238 378/102/238 377/99/238
f 375/94/369 382/95/369 381/107/369
f 383/108/370 384/104/370 389/109/370
f 378/102/343 379/17/343 386/10/343 385/110/343
f 379/17/237 380/105/237 387/111/237 386/10/237
f 382/112/371 334/114/371 394/113/371
f 380/105/340 381/107/340 388/115/340 387/111/340
f 377/99/341 378/102/341 385/110/341 384/104/341
f 381/107/372 382/112/372 394/113/372 388/115/372
f 385/110/337 386/10/337 391/5/337 390/116/337
f 383/108/373 389/109/373 395/118/373 400/117/373
f 386/10/339 387/111/339 392/119/339 391/5/339
f 332/120/374 383/108/374 400/117/374
f 387/111/333 388/115/333 393/121/333 392/119/333
f 384/104/335 385/110/335 390/116/335 389/109/335
f 388/115/375 394/113/375 393/121/375
f 400/122/376 395/118/376 401/123/376
f 391/5/332 392/119/332 398/124/332 397/32/332
f 394/125/377 334/127/377 406/126/377
f 392/119/327 393/121/327 399/128/327 398/124/327
f 389/109/328 390/116/328 396/129/328 395/118/328
f 393/121/378 394/125/378 406/126/378 399/128/378
f 390/116/330 391/5/330 397/32/330 396/129/330
f 332/130/379 400/132/379 412/131/379
f 397/32/319 398/124/319 404/133/319 403/28/319
f 398/124/321 399/128/321 405/134/321 404/133/321
f 395/118/322 396/129/322 402/135/322 401/123/322
f 399/128/380 406/126/380 405/134/380
f 396/129/324 397/32/324 403/28/324 402/135/324
f 400/132/381 401/137/381 407/136/381 412/131/381
f 403/138/313 404/140/313 410/139/313 409/25/313
f 406/141/382 334/143/382 418/142/382
f 404/140/314 405/145/314 411/144/314 410/139/314
f 401/137/315 402/147/315 408/146/315 407/136/315
f 405/145/383 406/141/383 418/142/383 411/144/383
f 402/147/317 403/138/317 409/25/317 408/146/317
f 412/148/384 407/136/384 413/149/384
f 332/150/385 412/148/385 424/151/385
f 410/139/308 411/144/308 417/153/308 416/152/308
f 407/136/309 408/146/309 414/154/309 413/149/309
f 411/144/386 418/142/386 417/153/386
f 408/146/311 409/25/311 415/21/311 414/154/311
f 412/148/387 413/149/387 419/155/387 424/151/387
f 409/25/306 410/139/306 416/152/306 415/21/306
f 416/152/302 417/153/302 423/156/302 422/53/302
f 418/157/388 334/159/388 429/158/388
f 413/149/303 414/154/303 420/160/303 419/155/303
f 417/153/389 418/157/389 429/158/389 423/156/389
f 414/154/298 415/21/298 421/15/298 420/160/298
f 424/161/390 419/155/390 425/54/390
f 415/21/300 416/152/300 422/53/300 421/15/300
f 422/53/295 423/156/295 428/49/295 427/47/295
f 419/155/296 420/160/296 426/57/296 425/54/296
f 423/156/391 429/158/391 428/49/391
f 421/15/292 333/12/292 426/57/292 420/160/292
f 332/162/392 424/161/392 340/163/392
f 340/163/393 424/161/393 425/54/393 335/55/393
f 433/73/394 439/164/394 438/165/394 432/166/394
f 434/167/395 440/168/395 439/164/395 433/73/395
f 431/169/396 437/170/396 430/171/396
f 435/172/397 441/173/397 440/168/397 434/167/397
f 432/166/398 438/165/398 437/170/398 431/169/398
f 436/174/399 442/175/399 441/173/399 435/172/399
f 438/165/400 444/176/400 443/177/400 437/170/400
f 442/175/401 448/178/401 447/179/401 441/173/401
f 439/164/402 445/180/402 444/176/402 438/165/402
f 440/168/403 446/181/403 445/180/403 439/164/403
f 437/170/404 443/177/404 430/182/404
f 441/173/405 447/179/405 446/181/405 440/168/405
f 446/181/406 452/183/406 451/99/406 445/180/406
f 443/177/407 449/184/407 430/185/407
f 447/179/408 453/186/408 452/183/408 446/181/408
f 444/176/409 450/187/409 449/184/409 443/177/409
f 448/178/410 454/188/410 453/186/410 447/179/410
f 445/180/411 451/99/411 450/187/411 444/176/411
f 451/99/412 457/189/412 456/190/412 450/187/412
f 452/183/413 458/191/413 457/189/413 451/99/413
f 449/184/414 455/192/414 430/193/414
f 453/186/415 459/194/415 458/191/415 452/183/415
f 450/187/416 456/190/416 455/192/416 449/184/416
f 454/188/417 460/195/417 459/194/417 453/186/417
f 459/194/418 465/196/418 464/197/418 458/191/418
f 456/190/419 462/198/419 461/199/419 455/192/419
f 460/195/420 466/200/420 465/196/420 459/194/420
f 457/189/421 463/201/421 462/198/421 456/190/421
f 458/191/422 464/197/422 463/201/422 457/189/422
f 455/192/423 461/199/423 430/202/423
f 464/197/424 470/203/424 469/123/424 463/201/424
f 461/199/425 467/204/425 430/205/425
f 465/196/426 471/206/426 470/203/426 464/197/426
f 462/198/427 468/207/427 467/204/427 461/199/427
f 466/200/428 472/28/428 471/206/428 465/196/428
f 463/201/429 469/123/429 468/207/429 462/198/429
f 471/206/430 484/206/430 483/203/430 470/203/430
f 433/73/431 476/73/431 477/167/431 434/167/431
f 467/204/432 480/204/432 473/205/432 430/205/432
f 468/207/433 481/207/433 480/204/433 467/204/433
f 472/28/434 485/28/434 484/206/434 471/206/434
f 430/171/435 473/171/435 474/169/435 431/169/435
f 434/167/436 477/167/436 478/172/436 435/172/436
f 469/123/437 482/123/437 481/207/437 468/207/437
f 431/169/438 474/169/438 475/166/438 432/166/438
f 435/172/439 478/172/439 479/208/439 436/174/439
f 470/203/440 483/203/440 482/123/440 469/123/440
f 432/166/441 475/166/441 476/73/441 433/73/441
f 466/200/442 491/200/442 492/28/442 472/28/442
f 448/178/443 488/178/443 489/188/443 454/188/443
f 472/28/444 492/28/444 494/28/444 485/28/444
f 479/208/445 493/174/445 486/174/445 436/174/445
f 460/195/446 490/195/446 491/200/446 466/200/446
f 436/174/447 486/174/447 487/175/447 442/175/447
f 442/175/448 487/175/448 488/178/448 448/178/448
f 454/188/449 489/188/449 490/195/449 460/195/449
f 496/178/450 498/209/450 493/174/450 479/208/450
f 485/28/451 494/28/451 497/210/451 495/210/451
f 495/210/452 497/210/452 498/209/452 496/178/452
f 487/175/453 486/174/453 493/174/453 498/209/453 497/210/453 494/28/453 492/28/453 491/200/453 490/195/453 489/188/453 488/178/453
f 482/123/454 508/123/454 507/207/454 481/207/454
f 495/210/455 512/210/455 511/28/455 485/28/455
f 483/203/456 509/203/456 508/123/456 482/123/456
f 474/169/457 500/169/457 501/166/457 475/166/457
f 496/178/458 513/209/458 512/210/458 495/210/458
f 484/206/459 510/206/459 509/203/459 483/203/459
f 475/166/460 501/166/460 502/73/460 476/73/460
f 485/28/461 511/28/461 510/206/461 484/206/461
f 476/73/462 502/73/462 503/167/462 477/167/462
f 473/171/463 499/171/463 500/169/463 474/169/463
f 477/167/464 503/167/464 504/172/464 478/172/464
f 480/204/465 506/204/465 499/205/465 473/205/465
f 478/172/466 504/172/466 505/174/466 479/208/466
f 481/207/467 507/207/467 506/204/467 480/204/467
f 479/208/468 505/174/468 513/209/468 496/178/468
f 505/174/469 520/174/469 528/209/469 513/209/469
f 507/207/470 522/207/470 521/204/470 506/204/470
f 512/210/469 527/210/469 526/28/469 511/28/469
f 508/123/471 523/123/471 522/207/471 507/207/471
f 513/209/469 528/209/469 527/210/469 512/210/469
f 509/203/472 524/203/472 523/123/472 508/123/472
f 500/169/473 515/169/473 516/166/473 501/166/473
f 510/206/474 525/206/474 524/203/474 509/203/474
f 501/166/475 516/166/475 517/73/475 502/73/475
f 511/28/476 526/28/476 525/206/476 510/206/476
f 502/73/477 517/73/477 518/167/477 503/167/477
f 499/171/478 514/171/478 515/169/478 500/169/478
f 503/167/479 518/167/479 519/172/479 504/172/479
f 506/204/480 521/204/480 514/205/480 499/205/480
f 504/172/481 519/172/481 520/174/481 505/174/481
f 532/73/482 531/166/482 537/165/482 538/164/482
f 533/167/483 532/73/483 538/164/483 539/168/483
f 530/169/484 529/171/484 536/170/484
f 534/172/485 533/167/485 539/168/485 540/173/485
f 531/166/486 530/169/486 536/170/486 537/165/486
f 535/174/487 534/172/487 540/173/487 541/175/487
f 537/165/488 536/170/488 542/177/488 543/176/488
f 541/175/489 540/173/489 546/179/489 547/178/489
f 538/164/490 537/165/490 543/176/490 544/180/490
f 539/168/491 538/164/491 544/180/491 545/181/491
f 536/170/492 529/182/492 542/177/492
f 540/173/493 539/168/493 545/181/493 546/179/493
f 545/181/494 544/180/494 550/99/494 551/183/494
f 542/177/495 529/185/495 548/184/495
f 546/179/496 545/181/496 551/183/496 552/186/496
f 543/176/497 542/177/497 548/184/497 549/187/497
f 547/178/498 546/179/498 552/186/498 553/188/498
f 544/180/499 543/176/499 549/187/499 550/99/499
f 550/99/500 549/187/500 555/190/500 556/189/500
f 551/183/501 550/99/501 556/189/501 557/191/501
f 548/184/502 529/193/502 554/192/502
f 552/186/503 551/183/503 557/191/503 558/194/503
f 549/187/504 548/184/504 554/192/504 555/190/504
f 553/188/505 552/186/505 558/194/505 559/195/505
f 558/194/506 557/191/506 563/197/506 564/196/506
f 555/190/507 554/192/507 560/199/507 561/198/507
f 559/195/508 558/194/508 564/196/508 565/200/508
f 556/189/509 555/190/509 561/198/509 562/201/509
f 557/191/510 556/189/510 562/201/510 563/197/510
f 554/192/511 529/202/511 560/199/511
f 563/197/512 562/201/512 568/123/512 569/203/512
f 560/199/513 529/205/513 566/204/513
f 564/196/514 563/197/514 569/203/514 570/206/514
f 561/198/515 560/199/515 566/204/515 567/207/515
f 565/200/516 564/196/516 570/206/516 571/28/516
f 562/201/517 561/198/517 567/207/517 568/123/517
f 570/206/430 569/203/430 582/203/430 583/206/430
f 532/73/431 533/167/431 576/167/431 575/73/431
f 566/204/432 529/205/432 572/205/432 579/204/432
f 567/207/433 566/204/433 579/204/433 580/207/433
f 571/28/518 570/206/518 583/206/518 584/28/518
f 529/171/435 530/169/435 573/169/435 572/171/435
f 533/167/436 534/172/436 577/172/436 576/167/436
f 568/123/437 567/207/437 580/207/437 581/123/437
f 530/169/438 531/166/438 574/166/438 573/169/438
f 534/172/519 535/174/519 578/208/519 577/172/519
f 569/203/440 568/123/440 581/123/440 582/203/440
f 531/166/441 532/73/441 575/73/441 574/166/441
f 565/200/520 571/28/520 591/28/520 590/200/520
f 547/178/521 553/188/521 588/188/521 587/178/521
f 571/28/522 584/28/522 593/28/522 591/28/522
f 578/208/523 535/174/523 585/174/523 592/174/523
f 559/195/524 565/200/524 590/200/524 589/195/524
f 535/174/525 541/175/525 586/175/525 585/174/525
f 541/175/526 547/178/526 587/178/526 586/175/526
f 553/188/527 559/195/527 589/195/527 588/188/527
f 595/178/528 578/208/528 592/174/528 597/209/528
f 584/28/529 594/210/529 596/210/529 593/28/529
f 594/210/530 595/178/530 597/209/530 596/210/530
f 586/175/453 587/178/453 588/188/453 589/195/453 590/200/453 591/28/453 593/28/453 596/210/453 597/209/453 592/174/453 585/174/453
f 581/123/531 580/207/531 606/207/531 607/123/531
f 594/210/532 584/28/532 610/28/532 611/210/532
f 582/203/533 581/123/533 607/123/533 608/203/533
f 573/169/534 574/166/534 600/166/534 599/169/534
f 595/178/535 594/210/535 611/210/535 612/209/535
f 583/206/536 582/203/536 608/203/536 609/206/536
f 574/166/537 575/73/537 601/73/537 600/166/537
f 584/28/538 583/206/538 609/206/538 610/28/538
f 575/73/539 576/167/539 602/167/539 601/73/539
f 572/171/540 573/169/540 599/169/540 598/171/540
f 576/167/541 577/172/541 603/172/541 602/167/541
f 579/204/542 572/205/542 598/205/542 605/204/542
f 577/172/543 578/208/543 604/174/543 603/172/543
f 580/207/544 579/204/544 605/204/544 606/207/544
f 578/208/545 595/178/545 612/209/545 604/174/545
f 604/174/546 612/209/546 627/209/546 619/174/546
f 606/207/547 605/204/547 620/204/547 621/207/547
f 611/210/546 610/28/546 625/28/546 626/210/546
f 607/123/548 606/207/548 621/207/548 622/123/548
f 612/209/546 611/210/546 626/210/546 627/209/546
f 608/203/549 607/123/549 622/123/549 623/203/549
f 599/169/550 600/166/550 615/166/550 614/169/550
f 609/206/551 608/203/551 623/203/551 624/206/551
f 600/166/552 601/73/552 616/73/552 615/166/552
f 610/28/553 609/206/553 624/206/553 625/28/553
f 601/73/554 602/167/554 617/167/554 616/73/554
f 598/171/555 599/169/555 614/169/555 613/171/555
f 602/167/556 603/172/556 618/172/556 617/167/556
f 605/204/557 598/205/557 613/205/557 620/204/557
f 603/172/558 604/174/558 619/174/558 618/172/558
f 659/12/559 658/22/559 657/19/559 656/16/559 655/13/559 654/9/559 653/7/559 652/3/559 651/4/559 650/31/559 649/29/559 648/27/559 647/1/559 646/2/559 645/23/559 644/20/559 643/17/559 642/14/559 641/10/559 640/8/559 639/5/559 638/6/559 637/32/559 636/30/559 635/28/559 634/26/559 633/25/559 632/24/559 631/21/559 630/18/559 629/15/559 628/11/559
f 660/138/560 661/211/560 663/212/560 662/213/560
f 662/213/561 663/212/561 665/214/561 664/215/561
f 664/215/562 665/214/562 667/216/562 666/217/562
f 666/217/563 667/216/563 669/218/563 668/219/563
f 668/219/564 669/218/564 671/220/564 670/221/564
f 670/221/565 671/220/565 673/222/565 672/223/565
f 672/223/566 673/222/566 675/224/566 674/225/566
f 674/225/567 675/224/567 677/226/567 676/227/567
f 676/227/568 677/226/568 679/228/568 678/229/568
f 678/229/569 679/228/569 661/230/569 660/231/569
f 680/138/570 682/213/570 683/212/570 681/211/570
f 682/213/571 684/215/571 685/214/571 683/212/571
f 684/215/572 686/217/572 687/216/572 685/214/572
f 686/217/573 688/219/573 689/218/573 687/216/573
f 688/219/574 690/221/574 691/220/574 689/218/574
f 690/221/575 692/223/575 693/222/575 691/220/575
f 692/223/576 694/225/576 695/224/576 693/222/576
f 694/225/577 696/227/577 697/226/577 695/224/577
f 696/227/578 698/229/578 699/228/578 697/226/578
f 698/229/579 680/231/579 681/230/579 699/228/579
f 662/213/580 664/215/580 700/232/580 660/138/580
f 664/215/580 666/217/580 701/233/580 700/232/580
f 666/217/580 668/219/580 670/221/580 701/233/580
f 660/231/580 700/234/580 676/227/580 678/229/580
f 700/234/580 701/235/580 674/225/580 676/227/580
f 701/235/580 670/221/580 672/223/580 674/225/580
f 686/217/580 702/233/580 690/221/580 688/219/580
f 702/235/580 694/225/580 692/223/580 690/221/580
f 684/215/580 703/236/580 702/233/580 686/217/580
f 703/237/580 696/227/580 694/225/580 702/235/580
f 682/213/580 680/138/580 703/236/580 684/215/580
f 680/231/580 698/229/580 696/227/580 703/237/580
f 737/12/581 738/11/581 739/238/581 736/239/581
f 738/11/582 740/33/582 741/240/582 739/238/582
f 740/33/583 742/18/583 743/241/583 741/240/583
f 742/18/584 744/21/584 745/242/584 743/241/584
f 744/21/585 746/243/585 747/244/585 745/242/585
f 746/243/586 748/25/586 749/245/586 747/244/586
f 748/25/587 750/26/587 751/246/587 749/245/587
f 750/26/588 752/28/588 753/247/588 751/246/588
f 752/28/589 754/30/589 755/248/589 753/247/589
f 754/30/590 756/32/590 757/249/590 755/248/590
f 756/32/591 758/6/591 759/250/591 757/249/591
f 758/6/592 760/5/592 761/251/592 759/250/592
f 760/5/593 762/8/593 763/252/593 761/251/593
f 762/8/594 764/10/594 765/253/594 763/252/594
f 764/10/595 766/14/595 767/254/595 765/253/595
f 766/14/596 768/17/596 769/255/596 767/254/596
f 768/17/597 770/256/597 771/257/597 769/255/597
f 770/256/598 772/23/598 773/258/598 771/257/598
f 772/23/599 774/2/599 775/259/599 773/258/599
f 774/2/600 776/1/600 777/260/600 775/259/600
f 776/1/601 778/261/601 779/262/601 777/260/601
f 778/261/602 780/29/602 781/263/602 779/262/602
f 780/29/603 782/31/603 783/264/603 781/263/603
f 782/31/604 784/4/604 785/265/604 783/264/604
f 784/4/605 786/3/605 787/266/605 785/265/605
f 786/3/606 788/7/606 789/267/606 787/266/606
f 788/7/607 790/9/607 791/268/607 789/267/607
f 790/9/608 792/13/608 793/269/608 791/268/608
f 792/13/609 794/16/609 795/270/609 793/269/609
f 794/16/610 796/19/610 797/271/610 795/270/610
f 796/19/611 798/22/611 799/272/611 797/271/611
f 798/22/612 737/12/612 736/239/612 799/272/612
f 738/11/50 737/12/50 800/12/50 801/11/50
f 737/12/63 798/22/63 831/22/63 800/12/63
f 740/33/53 738/11/53 801/11/53 802/15/53
f 742/18/56 740/33/56 802/15/56 803/18/56
f 744/21/59 742/18/59 803/18/59 804/21/59
f 746/243/62 744/21/62 804/21/62 805/24/62
f 748/25/65 746/243/65 805/24/65 806/25/65
f 750/26/35 748/25/35 806/25/35 807/26/35
f 752/28/37 750/26/37 807/26/37 808/28/37
f 754/30/39 752/28/39 808/28/39 809/30/39
f 756/32/41 754/30/41 809/30/41 810/32/41
f 758/6/43 756/32/43 810/32/43 811/6/43
f 760/5/45 758/6/45 811/6/45 812/5/45
f 762/8/47 760/5/47 812/5/47 813/8/47
f 764/10/49 762/8/49 813/8/49 814/10/49
f 766/14/52 764/10/52 814/10/52 815/14/52
f 768/17/55 766/14/55 815/14/55 816/17/55
f 770/256/58 768/17/58 816/17/58 817/20/58
f 772/23/61 770/256/61 817/20/61 818/23/61
f 774/2/64 772/23/64 818/23/64 819/2/64
f 776/1/1 774/2/1 819/2/1 820/1/1
f 778/261/36 776/1/36 820/1/36 821/27/36
f 780/29/38 778/261/38 821/27/38 822/29/38
f 782/31/40 780/29/40 822/29/40 823/31/40
f 784/4/42 782/31/42 823/31/42 824/4/42
f 786/3/44 784/4/44 824/4/44 825/3/44
f 788/7/46 786/3/46 825/3/46 826/7/46
f 790/9/48 788/7/48 826/7/48 827/9/48
f 792/13/51 790/9/51 827/9/51 828/13/51
f 794/16/54 792/13/54 828/13/54 829/16/54
f 796/19/57 794/16/57 829/16/57 830/19/57
f 798/22/60 796/19/60 830/19/60 831/22/60
f 769/255/145 771/257/145 765/253/145 767/254/145
f 771/257/145 773/258/145 763/252/145 765/253/145
f 773/258/145 775/259/145 761/251/145 763/252/145
f 775/259/145 777/260/145 759/250/145 761/251/145
f 777/260/145 779/262/145 757/249/145 759/250/145
f 779/262/145 781/263/145 755/248/145 757/249/145
f 781/263/145 783/264/145 753/247/145 755/248/145
f 783/264/145 785/265/145 751/246/145 753/247/145
f 785/265/145 787/266/145 749/245/145 751/246/145
f 787/266/145 789/267/145 747/244/145 749/245/145
f 789/267/145 791/268/145 745/242/145 747/244/145
f 791/268/145 793/269/145 743/241/145 745/242/145
f 793/269/145 795/270/145 741/240/145 743/241/145
f 795/270/145 797/271/145 739/238/145 741/240/145
f 797/271/145 799/272/145 736/239/145 739/238/145
f 704/273/613 705/274/613 801/11/613 800/12/613
f 705/274/614 706/275/614 802/15/614 801/11/614
f 706/275/615 707/276/615 803/18/615 802/15/615
f 707/276/616 708/277/616 804/21/616 803/18/616
f 708/277/617 709/278/617 805/24/617 804/21/617
f 709/278/618 710/279/618 806/25/618 805/24/618
f 710/279/619 711/280/619 807/26/619 806/25/619
f 711/280/620 712/281/620 808/28/620 807/26/620
f 712/281/621 713/282/621 809/30/621 808/28/621
f 713/282/622 714/283/622 810/32/622 809/30/622
f 714/283/623 715/284/623 811/6/623 810/32/623
f 715/284/624 716/285/624 812/5/624 811/6/624
f 716/285/625 717/286/625 813/8/625 812/5/625
f 717/286/626 718/287/626 814/10/626 813/8/626
f 718/287/627 719/288/627 815/14/627 814/10/627
f 719/288/628 720/289/628 816/17/628 815/14/628
f 720/289/629 721/290/629 817/20/629 816/17/629
f 721/290/630 722/291/630 818/23/630 817/20/630
f 722/291/631 723/292/631 819/2/631 818/23/631
f 723/292/632 724/293/632 820/1/632 819/2/632
f 724/293/633 725/294/633 821/27/633 820/1/633
f 725/294/634 726/295/634 822/29/634 821/27/634
f 726/295/635 727/296/635 823/31/635 822/29/635
f 727/296/636 728/297/636 824/4/636 823/31/636
f 728/297/637 729/298/637 825/3/637 824/4/637
f 729/298/638 730/299/638 826/7/638 825/3/638
f 730/299/639 731/300/639 827/9/639 826/7/639
f 731/300/640 732/301/640 828/13/640 827/9/640
f 732/301/641 733/302/641 829/16/641 828/13/641
f 733/302/642 734/303/642 830/19/642 829/16/642
f 734/303/643 735/304/643 831/22/643 830/19/643
f 735/304/644 704/273/644 800/12/644 831/22/644
f 709/278/580 715/284/580 714/283/580 710/279/580
f 708/277/580 716/285/580 715/284/580 709/278/580
f 707/276/580 717/286/580 716/285/580 708/277/580
f 706/275/580 718/287/580 717/286/580 707/276/580
f 705/274/580 719/288/580 718/287/580 706/275/580
f 704/273/580 720/289/580 719/288/580 705/274/580
f 735/304/580 721/290/580 720/289/580 704/273/580
f 734/303/580 722/291/580 721/290/580 735/304/580
f 733/302/580 723/292/580 722/291/580 734/303/580
f 732/301/580 724/293/580 723/292/580 733/302/580
f 731/300/580 725/294/580 724/293/580 732/301/580
f 730/299/580 726/295/580 725/294/580 731/300/580
f 727/296/580 726/295/580 730/299/580 729/298/580
f 710/279/580 714/283/580 713/282/580 711/280/580
f 728/297/580 727/296/580 729/298/580
f 711/280/580 713/282/580 712/281/580
f 833/305/645 835/306/645 837/307/645 834/308/645
f 834/309/646 837/310/646 836/311/646 832/312/646
f 835/306/647 838/313/647 840/314/647 837/307/647
f 837/310/648 840/315/648 839/316/648 836/311/648
f 838/313/649 841/317/649 843/34/649 840/314/649
f 840/315/650 843/318/650 842/319/650 839/316/650
f 841/317/651 844/320/651 846/321/651 843/34/651
f 843/318/652 846/322/652 845/323/652 842/319/652
f 844/320/653 847/324/653 849/325/653 846/321/653
f 846/322/654 849/326/654 848/327/654 845/323/654
f 847/324/655 850/328/655 852/329/655 849/325/655
f 849/326/656 852/330/656 851/331/656 848/327/656
f 850/328/657 853/332/657 855/333/657 852/329/657
f 852/330/658 855/334/658 854/335/658 851/331/658
f 853/332/659 856/336/659 858/12/659 855/333/659
f 855/334/660 858/337/660 857/338/660 854/335/660
f 856/336/661 859/339/661 861/22/661 858/12/661
f 858/337/662 861/340/662 860/341/662 857/338/662
f 859/339/663 862/342/663 864/19/663 861/22/663
f 861/340/664 864/343/664 863/344/664 860/341/664
f 862/342/665 865/345/665 867/16/665 864/19/665
f 864/343/666 867/346/666 866/347/666 863/344/666
f 865/345/667 868/348/667 870/13/667 867/16/667
f 867/346/668 870/349/668 869/350/668 866/347/668
f 868/348/669 871/351/669 873/9/669 870/13/669
f 870/349/670 873/352/670 872/353/670 869/350/670
f 871/351/671 874/354/671 876/7/671 873/9/671
f 873/352/672 876/355/672 875/356/672 872/353/672
f 874/354/673 877/357/673 879/3/673 876/7/673
f 876/355/674 879/358/674 878/359/674 875/356/674
f 877/357/675 880/360/675 882/174/675 879/3/675
f 879/358/676 882/361/676 881/362/676 878/359/676
f 880/360/677 883/363/677 885/364/677 882/174/677
f 882/361/678 885/365/678 884/366/678 881/362/678
f 883/363/679 886/367/679 888/36/679 885/364/679
f 885/365/680 888/368/680 887/369/680 884/366/680
f 886/367/681 889/370/681 891/371/681 888/36/681
f 888/368/682 891/372/682 890/373/682 887/369/682
f 889/370/683 892/374/683 894/375/683 891/371/683
f 891/372/684 894/376/684 893/377/684 890/373/684
f 892/374/685 895/378/685 897/379/685 894/375/685
f 894/376/686 897/380/686 896/381/686 893/377/686
f 895/378/687 898/382/687 900/35/687 897/379/687
f 897/380/688 900/383/688 899/384/688 896/381/688
f 898/382/689 901/385/689 903/386/689 900/35/689
f 900/383/690 903/387/690 902/388/690 899/384/690
f 901/385/691 904/389/691 906/188/691 903/386/691
f 903/387/692 906/390/692 905/391/692 902/388/692
f 904/389/693 907/392/693 909/393/693 906/188/693
f 906/390/694 909/394/694 908/395/694 905/391/694
f 907/392/695 910/396/695 912/397/695 909/393/695
f 909/394/696 912/398/696 911/399/696 908/395/696
f 910/396/697 913/400/697 915/401/697 912/397/697
f 912/398/698 915/402/698 914/403/698 911/399/698
f 913/400/699 916/404/699 918/405/699 915/401/699
f 915/402/700 918/406/700 917/407/700 914/403/700
f 916/404/701 919/408/701 921/409/701 918/405/701
f 918/406/702 921/410/702 920/411/702 917/407/702
f 919/408/703 922/412/703 924/413/703 921/409/703
f 921/410/704 924/414/704 923/415/704 920/411/704
f 922/412/705 925/416/705 927/417/705 924/413/705
f 924/414/706 927/418/706 926/419/706 923/415/706
f 925/416/707 833/420/707 834/421/707 927/417/707
f 927/418/708 834/309/708 832/312/708 926/419/708
f 835/306/60 928/422/60 941/423/60 838/313/60
f 838/313/57 941/423/57 949/424/57 841/317/57
f 841/317/54 949/424/54 954/425/54 844/320/54
f 844/320/51 954/425/51 962/426/51 847/324/51
f 847/324/48 962/426/48 967/427/48 850/328/48
f 850/328/46 967/427/46 975/428/46 853/332/46
f 853/332/44 975/428/44 980/429/44 856/336/44
f 856/336/42 980/429/42 988/430/42 859/339/42
f 859/339/40 988/430/40 993/431/40 862/342/40
f 862/342/38 993/431/38 1001/432/38 865/345/38
f 865/345/36 1001/432/36 1006/433/36 868/348/36
f 868/348/1 1006/433/1 1014/434/1 871/351/1
f 871/351/64 1014/434/64 1019/435/64 874/354/64
f 874/354/61 1019/435/61 1027/436/61 877/357/61
f 877/357/58 1027/436/58 1032/437/58 880/360/58
f 880/360/55 1032/437/55 1040/438/55 883/363/55
f 883/363/52 1040/438/52 1045/439/52 886/367/52
f 886/367/49 1045/439/49 1053/440/49 889/370/49
f 889/370/47 1053/440/47 1058/182/47 892/374/47
f 892/374/45 1058/182/45 1066/441/45 895/378/45
f 895/378/43 1066/441/43 1071/442/43 898/382/43
f 898/382/41 1071/442/41 1079/443/41 901/385/41
f 901/385/39 1079/443/39 1084/444/39 904/389/39
f 904/389/37 1084/444/37 1092/445/37 907/392/37
f 907/392/35 1092/445/35 1097/446/35 910/396/35
f 910/396/65 1097/446/65 1105/447/65 913/400/65
f 913/400/62 1105/447/62 1110/202/62 916/404/62
f 916/404/59 1110/202/59 1118/448/59 919/408/59
f 919/408/56 1118/448/56 1123/449/56 922/412/56
f 922/412/53 1123/449/53 1131/450/53 925/416/53
f 925/416/50 1131/450/50 933/451/50 833/420/50
f 928/422/709 933/211/709 934/452/709 932/422/709
f 932/422/710 934/452/710 935/453/710 931/454/710
f 931/454/711 935/453/711 936/455/711 930/422/711
f 930/422/712 936/455/712 937/456/712 929/422/712
f 929/457/713 937/458/713 938/459/713
f 941/423/714 928/422/714 932/422/714 948/423/714
f 948/423/715 932/422/715 931/454/715 947/423/715
f 947/423/716 931/454/716 930/422/716 946/423/716
f 946/423/717 930/422/717 929/422/717 945/423/717
f 945/460/718 929/457/718 938/459/718 944/461/718
f 944/461/719 938/459/719 939/462/719 943/463/719
f 943/463/720 939/462/720 940/464/720 942/465/720
f 942/465/721 940/464/721 1137/466/721
f 949/424/722 941/423/722 948/423/722 953/467/722
f 953/467/723 948/423/723 947/423/723 952/424/723
f 952/424/724 947/423/724 946/423/724 951/424/724
f 951/424/725 946/423/725 945/423/725 950/424/725
f 950/468/726 945/460/726 944/469/726
f 954/425/727 949/424/727 953/467/727 961/425/727
f 961/425/728 953/467/728 952/424/728 960/425/728
f 960/425/729 952/424/729 951/424/729 959/425/729
f 959/425/730 951/424/730 950/424/730 958/425/730
f 958/470/731 950/468/731 944/469/731 957/471/731
f 957/471/732 944/469/732 943/472/732 956/473/732
f 956/473/733 943/472/733 942/474/733 955/475/733
f 955/475/734 942/474/734 1137/476/734 1138/477/734
f 962/426/735 954/425/735 961/425/735 966/426/735
f 966/426/736 961/425/736 960/425/736 965/478/736
f 965/478/737 960/425/737 959/425/737 964/426/737
f 964/426/738 959/425/738 958/425/738 963/426/738
f 963/479/739 958/470/739 957/480/739
f 967/427/740 962/426/740 966/426/740 974/427/740
f 974/427/741 966/426/741 965/478/741 973/481/741
f 973/481/742 965/478/742 964/426/742 972/427/742
f 972/427/743 964/426/743 963/426/743 971/427/743
f 971/482/744 963/479/744 957/480/744 970/483/744
f 970/483/745 957/480/745 956/484/745 969/485/745
f 969/485/746 956/484/746 955/486/746 968/487/746
f 968/487/747 955/486/747 1138/488/747
f 975/428/748 967/427/748 974/427/748 979/428/748
f 979/428/749 974/427/749 973/481/749 978/489/749
f 978/489/750 973/481/750 972/427/750 977/428/750
f 977/428/751 972/427/751 971/427/751 976/428/751
f 976/490/752 971/482/752 970/491/752
f 980/429/753 975/428/753 979/428/753 987/429/753
f 987/429/754 979/428/754 978/489/754 986/429/754
f 986/429/755 978/489/755 977/428/755 985/429/755
f 985/429/756 977/428/756 976/428/756 984/429/756
f 984/492/757 976/490/757 970/491/757 983/493/757
f 983/493/758 970/491/758 969/494/758 982/495/758
f 982/495/759 969/494/759 968/496/759 981/497/759
f 981/497/760 968/496/760 1138/498/760 1139/499/760
f 988/430/761 980/429/761 987/429/761 992/430/761
f 992/430/762 987/429/762 986/429/762 991/500/762
f 991/500/763 986/429/763 985/429/763 990/430/763
f 990/430/764 985/429/764 984/429/764 989/430/764
f 989/501/765 984/492/765 983/502/765
f 993/431/766 988/430/766 992/430/766 1000/431/766
f 1000/431/767 992/430/767 991/500/767 999/431/767
f 999/431/768 991/500/768 990/430/768 998/431/768
f 998/431/769 990/430/769 989/430/769 997/431/769
f 997/503/770 989/501/770 983/502/770 996/504/770
f 996/504/771 983/502/771 982/505/771 995/506/771
f 995/506/772 982/505/772 981/507/772 994/508/772
f 994/508/773 981/507/773 1139/509/773
f 1001/432/774 993/431/774 1000/431/774 1005/432/774
f 1005/432/775 1000/431/775 999/431/775 1004/432/775
f 1004/432/776 999/431/776 998/431/776 1003/432/776
f 1003/432/777 998/431/777 997/431/777 1002/432/777
f 1002/510/778 997/503/778 996/511/778
f 1006/433/779 1001/432/779 1005/432/779 1013/433/779
f 1013/433/780 1005/432/780 1004/432/780 1012/433/780
f 1012/433/781 1004/432/781 1003/432/781 1011/433/781
f 1011/433/782 1003/432/782 1002/432/782 1010/433/782
f 1010/512/783 1002/510/783 996/511/783 1009/513/783
f 1009/513/784 996/511/784 995/514/784 1008/515/784
f 1008/515/785 995/514/785 994/516/785 1007/517/785
f 1007/517/786 994/516/786 1139/518/786 1140/519/786
f 1014/434/787 1006/433/787 1013/433/787 1018/434/787
f 1018/434/788 1013/433/788 1012/433/788 1017/520/788
f 1017/520/789 1012/433/789 1011/433/789 1016/434/789
f 1016/434/790 1011/433/790 1010/433/790 1015/434/790
f 1015/521/791 1010/512/791 1009/522/791
f 1019/435/792 1014/434/792 1018/434/792 1026/435/792
f 1026/435/793 1018/434/793 1017/520/793 1025/523/793
f 1025/523/794 1017/520/794 1016/434/794 1024/435/794
f 1024/435/795 1016/434/795 1015/434/795 1023/435/795
f 1023/524/796 1015/521/796 1009/522/796 1022/525/796
f 1022/525/797 1009/522/797 1008/526/797 1021/527/797
f 1021/527/798 1008/526/798 1007/528/798 1020/529/798
f 1020/529/799 1007/528/799 1140/530/799
f 1027/436/800 1019/435/800 1026/435/800 1031/436/800
f 1031/436/801 1026/435/801 1025/523/801 1030/531/801
f 1030/531/802 1025/523/802 1024/435/802 1029/436/802
f 1029/436/803 1024/435/803 1023/435/803 1028/436/803
f 1028/532/804 1023/524/804 1022/533/804
f 1032/437/805 1027/436/805 1031/436/805 1039/534/805
f 1039/534/806 1031/436/806 1030/531/806 1038/437/806
f 1038/437/807 1030/531/807 1029/436/807 1037/437/807
f 1037/437/808 1029/436/808 1028/436/808 1036/437/808
f 1036/535/809 1028/532/809 1022/533/809 1035/536/809
f 1035/536/810 1022/533/810 1021/537/810 1034/538/810
f 1034/538/811 1021/537/811 1020/539/811 1033/540/811
f 1033/540/812 1020/539/812 1140/541/812 1141/542/812
f 1040/438/813 1032/437/813 1039/534/813 1044/543/813
f 1044/543/814 1039/534/814 1038/437/814 1043/544/814
f 1043/544/815 1038/437/815 1037/437/815 1042/438/815
f 1042/438/816 1037/437/816 1036/437/816 1041/438/816
f 1041/545/817 1036/535/817 1035/546/817
f 1045/439/818 1040/438/818 1044/543/818 1052/439/818
f 1052/439/819 1044/543/819 1043/544/819 1051/439/819
f 1051/439/820 1043/544/820 1042/438/820 1050/439/820
f 1050/439/821 1042/438/821 1041/438/821 1049/439/821
f 1049/547/822 1041/545/822 1035/546/822 1048/548/822
f 1048/548/823 1035/546/823 1034/549/823 1047/550/823
f 1047/550/824 1034/549/824 1033/551/824 1046/552/824
f 1046/552/825 1033/551/825 1141/553/825
f 1053/440/826 1045/439/826 1052/439/826 1057/554/826
f 1057/554/827 1052/439/827 1051/439/827 1056/440/827
f 1056/440/828 1051/439/828 1050/439/828 1055/440/828
f 1055/440/829 1050/439/829 1049/439/829 1054/440/829
f 1054/555/830 1049/547/830 1048/556/830
f 1058/182/831 1053/440/831 1057/554/831 1065/557/831
f 1065/557/832 1057/554/832 1056/440/832 1064/182/832
f 1064/182/833 1056/440/833 1055/440/833 1063/182/833
f 1063/182/834 1055/440/834 1054/440/834 1062/182/834
f 1062/558/835 1054/555/835 1048/556/835 1061/559/835
f 1061/559/836 1048/556/836 1047/560/836 1060/561/836
f 1060/561/837 1047/560/837 1046/562/837 1059/563/837
f 1059/563/838 1046/562/838 1141/564/838 1142/565/838
f 1066/441/839 1058/182/839 1065/557/839 1070/441/839
f 1070/441/840 1065/557/840 1064/182/840 1069/566/840
f 1069/566/841 1064/182/841 1063/182/841 1068/441/841
f 1068/441/842 1063/182/842 1062/182/842 1067/441/842
f 1067/567/843 1062/558/843 1061/568/843
f 1071/442/844 1066/441/844 1070/441/844 1078/442/844
f 1078/442/845 1070/441/845 1069/566/845 1077/569/845
f 1077/569/846 1069/566/846 1068/441/846 1076/442/846
f 1076/442/847 1068/441/847 1067/441/847 1075/442/847
f 1075/570/848 1067/567/848 1061/568/848 1074/571/848
f 1074/571/849 1061/568/849 1060/572/849 1073/573/849
f 1073/573/850 1060/572/850 1059/574/850 1072/575/850
f 1072/575/851 1059/574/851 1142/576/851
f 1079/443/852 1071/442/852 1078/442/852 1083/577/852
f 1083/577/853 1078/442/853 1077/569/853 1082/578/853
f 1082/578/854 1077/569/854 1076/442/854 1081/443/854
f 1081/443/855 1076/442/855 1075/442/855 1080/443/855
f 1080/579/856 1075/570/856 1074/580/856
f 1084/444/857 1079/443/857 1083/577/857 1091/444/857
f 1091/444/858 1083/577/858 1082/578/858 1090/444/858
f 1090/444/859 1082/578/859 1081/443/859 1089/444/859
f 1089/444/860 1081/443/860 1080/443/860 1088/581/860
f 1088/582/861 1080/579/861 1074/580/861 1087/583/861
f 1087/583/862 1074/580/862 1073/584/862 1086/585/862
f 1086/585/863 1073/584/863 1072/586/863 1085/587/863
f 1085/587/864 1072/586/864 1142/588/864 1143/589/864
f 1092/445/865 1084/444/865 1091/444/865 1096/445/865
f 1096/445/866 1091/444/866 1090/444/866 1095/590/866
f 1095/590/867 1090/444/867 1089/444/867 1094/445/867
f 1094/445/868 1089/444/868 1088/581/868 1093/445/868
f 1093/591/869 1088/582/869 1087/592/869
f 1097/446/870 1092/445/870 1096/445/870 1104/446/870
f 1104/446/871 1096/445/871 1095/590/871 1103/446/871
f 1103/446/872 1095/590/872 1094/445/872 1102/446/872
f 1102/446/873 1094/445/873 1093/445/873 1101/446/873
f 1101/593/874 1093/591/874 1087/592/874 1100/594/874
f 1100/594/875 1087/592/875 1086/595/875 1099/596/875
f 1099/596/876 1086/595/876 1085/597/876 1098/598/876
f 1098/598/877 1085/597/877 1143/599/877
f 1105/447/878 1097/446/878 1104/446/878 1109/447/878
f 1109/447/879 1104/446/879 1103/446/879 1108/447/879
f 1108/447/880 1103/446/880 1102/446/880 1107/447/880
f 1107/447/881 1102/446/881 1101/446/881 1106/447/881
f 1106/600/882 1101/593/882 1100/601/882
f 1110/202/883 1105/447/883 1109/447/883 1117/202/883
f 1117/202/884 1109/447/884 1108/447/884 1116/602/884
f 1116/602/885 1108/447/885 1107/447/885 1115/202/885
f 1115/202/886 1107/447/886 1106/447/886 1114/202/886
f 1114/603/887 1106/600/887 1100/601/887 1113/604/887
f 1113/604/888 1100/601/888 1099/605/888 1112/606/888
f 1112/606/889 1099/605/889 1098/607/889 1111/608/889
f 1111/608/890 1098/607/890 1143/609/890 1144/610/890
f 1118/448/891 1110/202/891 1117/202/891 1122/448/891
f 1122/448/892 1117/202/892 1116/602/892 1121/611/892
f 1121/611/893 1116/602/893 1115/202/893 1120/448/893
f 1120/448/894 1115/202/894 1114/202/894 1119/612/894
f 1119/613/895 1114/603/895 1113/614/895
f 1123/449/896 1118/448/896 1122/448/896 1130/449/896
f 1130/449/897 1122/448/897 1121/611/897 1129/615/897
f 1129/615/898 1121/611/898 1120/448/898 1128/616/898
f 1128/616/899 1120/448/899 1119/612/899 1127/616/899
f 1127/617/900 1119/613/900 1113/614/900 1126/618/900
f 1126/618/901 1113/614/901 1112/619/901 1125/620/901
f 1125/620/902 1112/619/902 1111/621/902 1124/622/902
f 1124/622/903 1111/621/903 1144/623/903
f 1131/450/904 1123/449/904 1130/449/904 1135/624/904
f 1135/624/905 1130/449/905 1129/615/905 1134/625/905
f 1134/625/906 1129/615/906 1128/616/906 1133/450/906
f 1133/450/907 1128/616/907 1127/616/907 1132/450/907
f 1132/626/908 1127/617/908 1126/627/908
f 933/451/909 1131/450/909 1135/624/909 934/628/909
f 934/628/910 1135/624/910 1134/625/910 935/629/910
f 935/629/911 1134/625/911 1133/450/911 936/630/911
f 936/630/912 1133/450/912 1132/450/912 937/631/912
f 937/458/913 1132/626/913 1126/627/913 938/632/913
f 938/632/914 1126/627/914 1125/633/914 939/634/914
f 939/634/915 1125/633/915 1124/635/915 940/636/915
f 940/636/916 1124/635/916 1144/637/916 1137/638/916
f 1136/639/145 1138/477/145 1137/476/145
f 1136/640/145 1139/499/145 1138/498/145
f 1136/641/145 1140/519/145 1139/518/145
f 1136/642/145 1141/542/145 1140/541/145
f 1136/643/145 1142/565/145 1141/564/145
f 1136/644/145 1143/589/145 1142/588/145
f 1136/645/145 1144/610/145 1143/609/145
f 1136/646/145 1137/638/145 1144/637/145
f 833/305/63 933/211/63 928/422/63 835/306/63
f 836/311/580 839/316/580 926/419/580 832/312/580
f 839/316/580 842/319/580 923/415/580 926/419/580
f 842/319/580 845/323/580 920/411/580 923/415/580
f 845/323/580 848/327/580 917/407/580 920/411/580
f 848/327/580 851/331/580 914/403/580 917/407/580
f 851/331/580 854/335/580 911/399/580 914/403/580
f 854/335/580 857/338/580 908/395/580 911/399/580
f 857/338/580 860/341/580 905/391/580 908/395/580
f 860/341/580 863/344/580 902/388/580 905/391/580
f 863/344/580 866/347/580 899/384/580 902/388/580
f 866/347/580 869/350/580 896/381/580 899/384/580
f 869/350/580 872/353/580 893/377/580 896/381/580
f 872/353/580 875/356/580 890/373/580 893/377/580
f 875/356/580 878/359/580 887/369/580 890/373/580
f 878/359/580 881/362/580 884/366/580 887/369/580
f 1145/12/917 1176/11/917 1385/11/917 1355/12/917
f 1164/8/918 1165/5/918 1207/647/918 1208/648/918
f 1159/23/919 1160/20/919 1205/20/919 1206/23/919
f 1156/27/920 1157/1/920 1203/1/920 1204/261/920
f 1148/16/921 1149/13/921 1201/13/921 1202/16/921
f 1172/24/922 1173/21/922 1199/649/922 1200/34/922
f 1169/138/923 1170/26/923 1197/26/923 1198/138/923
f 1153/4/924 1154/31/924 1195/650/924 1196/4/924
f 1161/17/925 1162/14/925 1193/14/925 1194/651/925
f 1166/6/926 1167/32/926 1191/32/926 1192/6/926
f 1155/29/927 1156/27/927 1204/261/927 1190/652/927
f 1174/18/928 1175/15/928 1188/33/928 1189/18/928
f 1158/2/929 1159/23/929 1206/23/929 1187/2/929
f 1150/9/930 1151/7/930 1185/7/930 1186/9/930
f 1168/30/931 1169/28/931 1198/28/931 1184/653/931
f 1163/10/932 1164/8/932 1208/648/932 1183/10/932
f 1147/19/933 1148/16/933 1202/16/933 1182/19/933
f 1171/25/934 1172/24/934 1200/34/934 1181/25/934
f 1157/1/935 1158/2/935 1187/2/935 1203/1/935
f 1145/12/936 1146/22/936 1179/22/936 1180/12/936
f 1160/20/937 1161/17/937 1194/651/937 1205/20/937
f 1170/26/938 1171/25/938 1181/25/938 1197/26/938
f 1173/21/939 1174/18/939 1189/18/939 1199/649/939
f 1152/3/940 1153/4/940 1196/4/940 1178/3/940
f 1149/13/941 1150/9/941 1186/9/941 1201/13/941
f 1165/5/942 1166/6/942 1192/6/942 1207/647/942
f 1154/31/943 1155/29/943 1190/652/943 1195/650/943
f 1162/14/944 1163/10/944 1183/10/944 1193/14/944
f 1175/15/945 1176/11/945 1177/654/945 1188/33/945
f 1146/22/946 1147/19/946 1182/19/946 1179/22/946
f 1176/11/947 1145/12/947 1180/12/947 1177/654/947
f 1167/32/948 1168/30/948 1184/653/948 1191/32/948
f 1151/7/949 1152/3/949 1178/3/949 1185/7/949
f 1185/7/950 1178/3/950 1209/3/950 1230/7/950
f 1191/32/951 1184/653/951 1214/653/951 1232/32/951
f 1177/654/952 1180/12/952 1210/12/952 1228/654/952
f 1179/22/953 1182/19/953 1212/19/953 1229/22/953
f 1188/33/954 1177/654/954 1228/654/954 1231/33/954
f 1193/14/955 1183/10/955 1213/10/955 1233/14/955
f 1195/650/956 1190/652/956 1218/652/956 1234/650/956
f 1207/647/957 1192/6/957 1219/6/957 1240/5/957
f 1201/13/958 1186/9/958 1215/9/958 1237/13/958
f 1178/3/959 1196/4/959 1221/37/959 1209/3/959
f 1199/649/960 1189/18/960 1217/18/960 1236/655/960
f 1197/26/961 1181/25/961 1211/25/961 1235/26/961
f 1205/20/962 1194/651/962 1220/651/962 1239/20/962
f 1180/12/963 1179/22/963 1229/22/963 1210/12/963
f 1203/1/964 1187/2/964 1216/2/964 1238/1/964
f 1181/25/965 1200/34/965 1223/34/965 1211/25/965
f 1182/19/966 1202/16/966 1224/16/966 1212/19/966
f 1183/10/967 1208/648/967 1227/656/967 1213/10/967
f 1184/653/968 1198/28/968 1222/28/968 1214/653/968
f 1186/9/969 1185/7/969 1230/7/969 1215/9/969
f 1187/2/970 1206/23/970 1226/657/970 1216/2/970
f 1189/18/971 1188/33/971 1231/33/971 1217/18/971
f 1190/652/972 1204/261/972 1225/261/972 1218/652/972
f 1192/6/973 1191/32/973 1232/32/973 1219/6/973
f 1194/651/974 1193/14/974 1233/14/974 1220/651/974
f 1196/4/975 1195/650/975 1234/650/975 1221/37/975
f 1198/138/976 1197/26/976 1235/26/976 1222/138/976
f 1200/34/977 1199/649/977 1236/655/977 1223/34/977
f 1202/16/978 1201/13/978 1237/13/978 1224/16/978
f 1204/261/979 1203/1/979 1238/1/979 1225/261/979
f 1206/23/980 1205/20/980 1239/20/980 1226/657/980
f 1208/648/981 1207/647/981 1240/5/981 1227/656/981
f 1266/7/982 1265/3/982 1297/3/982 1298/7/982
f 1253/8/983 1252/5/983 1284/5/983 1285/8/983
f 1267/9/984 1266/7/984 1298/7/984 1299/9/984
f 1254/10/985 1253/8/985 1285/8/985 1286/10/985
f 1241/11/986 1272/12/986 1304/12/986 1273/11/986
f 1268/13/987 1267/9/987 1299/9/987 1300/13/987
f 1255/14/988 1254/10/988 1286/10/988 1287/14/988
f 1242/15/989 1241/11/989 1273/11/989 1274/15/989
f 1269/16/990 1268/13/990 1300/13/990 1301/16/990
f 1256/17/991 1255/14/991 1287/14/991 1288/17/991
f 1243/18/992 1242/15/992 1274/15/992 1275/18/992
f 1270/19/993 1269/16/993 1301/16/993 1302/19/993
f 1257/20/994 1256/17/994 1288/17/994 1289/20/994
f 1244/21/995 1243/18/995 1275/18/995 1276/21/995
f 1271/22/996 1270/19/996 1302/19/996 1303/22/996
f 1258/23/997 1257/20/997 1289/20/997 1290/23/997
f 1245/24/998 1244/21/998 1276/21/998 1277/24/998
f 1272/12/999 1271/22/999 1303/22/999 1304/12/999
f 1259/2/1000 1258/23/1000 1290/23/1000 1291/2/1000
f 1246/25/1001 1245/24/1001 1277/24/1001 1278/25/1001
f 1260/1/1002 1259/2/1002 1291/2/1002 1292/1/1002
f 1247/26/1003 1246/25/1003 1278/25/1003 1279/26/1003
f 1261/27/1004 1260/1/1004 1292/1/1004 1293/27/1004
f 1248/138/1005 1247/26/1005 1279/26/1005 1280/138/1005
f 1262/29/1006 1261/27/1006 1293/27/1006 1294/29/1006
f 1249/30/1007 1248/28/1007 1280/28/1007 1281/30/1007
f 1263/31/1008 1262/29/1008 1294/29/1008 1295/31/1008
f 1250/32/1009 1249/30/1009 1281/30/1009 1282/32/1009
f 1264/4/1010 1263/31/1010 1295/31/1010 1296/4/1010
f 1251/6/1011 1250/32/1011 1282/32/1011 1283/6/1011
f 1265/3/1012 1264/4/1012 1296/4/1012 1297/3/1012
f 1252/5/1013 1251/6/1013 1283/6/1013 1284/5/1013
f 1322/15/1014 1323/11/1014 1305/15/1014
f 1324/16/1015 1325/13/1015 1318/13/1015 1319/16/1015
f 1326/17/1016 1327/14/1016 1312/17/1016
f 1328/18/1017 1322/15/1017 1305/15/1017 1306/18/1017
f 1329/19/1018 1324/16/1018 1319/19/1018
f 1330/20/1019 1326/17/1019 1312/17/1019 1313/20/1019
f 1331/21/1020 1328/18/1020 1306/21/1020
f 1332/22/1021 1329/19/1021 1319/19/1021 1320/22/1021
f 1333/23/1022 1330/20/1022 1313/23/1022
f 1334/24/1023 1331/21/1023 1306/21/1023 1307/24/1023
f 1335/12/1024 1332/22/1024 1320/12/1024
f 1336/2/1025 1333/23/1025 1313/23/1025 1314/2/1025
f 1337/25/1026 1334/24/1026 1307/25/1026
f 1338/1/1027 1336/2/1027 1314/1/1027
f 1339/26/1028 1337/25/1028 1307/25/1028 1308/26/1028
f 1340/27/1029 1338/1/1029 1314/1/1029 1315/27/1029
f 1341/138/1030 1339/26/1030 1308/138/1030
f 1342/29/1031 1340/27/1031 1315/29/1031
f 1343/30/1032 1341/28/1032 1308/28/1032 1309/30/1032
f 1344/31/1033 1342/29/1033 1315/29/1033 1316/31/1033
f 1345/32/1034 1343/30/1034 1309/32/1034
f 1346/4/1035 1344/31/1035 1316/4/1035
f 1347/6/1036 1345/32/1036 1309/32/1036 1310/6/1036
f 1348/3/1037 1346/4/1037 1316/4/1037 1317/3/1037
f 1349/5/1038 1347/6/1038 1310/5/1038
f 1350/7/1039 1348/3/1039 1317/7/1039
f 1351/8/1040 1349/5/1040 1310/5/1040 1311/8/1040
f 1352/9/1041 1350/7/1041 1317/7/1041 1318/9/1041
f 1353/10/1042 1351/8/1042 1311/10/1042
f 1323/11/1043 1335/12/1043 1320/12/1043 1305/11/1043
f 1325/13/1044 1352/9/1044 1318/13/1044
f 1327/14/1045 1353/10/1045 1311/10/1045 1312/14/1045
f 1307/24/1046 1306/21/1046 1393/21/1046 1392/24/1046
f 1314/2/1047 1313/23/1047 1386/2/1047
f 1308/26/1048 1307/25/1048 1392/26/1048
f 1315/27/1049 1314/1/1049 1386/1/1049 1389/27/1049
f 1309/30/1050 1308/28/1050 1392/28/1050 1391/30/1050
f 1316/31/1051 1315/29/1051 1389/31/1051
f 1310/6/1052 1309/32/1052 1391/6/1052
f 1317/3/1053 1316/4/1053 1389/4/1053 1388/3/1053
f 1311/8/1054 1310/5/1054 1391/5/1054 1390/8/1054
f 1318/9/1055 1317/7/1055 1388/9/1055
f 1305/11/1056 1320/12/1056 1387/12/1056 1393/11/1056
f 1312/14/1057 1311/10/1057 1390/14/1057
f 1319/16/1058 1318/13/1058 1388/13/1058 1387/16/1058
f 1306/18/1059 1305/15/1059 1393/18/1059
f 1313/20/1060 1312/17/1060 1390/17/1060 1386/20/1060
f 1320/22/1061 1319/19/1061 1387/22/1061
f 1287/14/1062 1286/10/1062 1353/10/1062 1327/14/1062
f 1300/13/1063 1299/9/1063 1352/9/1063 1325/13/1063
f 1273/11/1064 1304/12/1064 1335/12/1064 1323/11/1064
f 1286/10/1065 1285/8/1065 1351/8/1065 1353/10/1065
f 1299/9/1066 1298/7/1066 1350/7/1066 1352/9/1066
f 1285/8/1067 1284/5/1067 1349/5/1067 1351/8/1067
f 1298/7/1068 1297/3/1068 1348/3/1068 1350/7/1068
f 1284/5/1069 1283/6/1069 1347/6/1069 1349/5/1069
f 1297/3/1070 1296/4/1070 1346/4/1070 1348/3/1070
f 1283/6/1071 1282/32/1071 1345/32/1071 1347/6/1071
f 1296/4/1072 1295/31/1072 1344/31/1072 1346/4/1072
f 1282/32/1073 1281/30/1073 1343/30/1073 1345/32/1073
f 1295/31/1074 1294/29/1074 1342/29/1074 1344/31/1074
f 1281/30/1075 1280/28/1075 1341/28/1075 1343/30/1075
f 1294/29/1076 1293/27/1076 1340/27/1076 1342/29/1076
f 1280/138/1077 1279/26/1077 1339/26/1077 1341/138/1077
f 1293/27/1078 1292/1/1078 1338/1/1078 1340/27/1078
f 1279/26/1079 1278/25/1079 1337/25/1079 1339/26/1079
f 1292/1/1080 1291/2/1080 1336/2/1080 1338/1/1080
f 1278/25/1081 1277/24/1081 1334/24/1081 1337/25/1081
f 1291/2/1082 1290/23/1082 1333/23/1082 1336/2/1082
f 1304/12/1083 1303/22/1083 1332/22/1083 1335/12/1083
f 1277/24/1084 1276/21/1084 1331/21/1084 1334/24/1084
f 1290/23/1085 1289/20/1085 1330/20/1085 1333/23/1085
f 1303/22/1086 1302/19/1086 1329/19/1086 1332/22/1086
f 1276/21/1087 1275/18/1087 1328/18/1087 1331/21/1087
f 1289/20/1088 1288/17/1088 1326/17/1088 1330/20/1088
f 1302/19/1089 1301/16/1089 1324/16/1089 1329/19/1089
f 1275/18/1090 1274/15/1090 1322/15/1090 1328/18/1090
f 1288/17/1091 1287/14/1091 1327/14/1091 1326/17/1091
f 1301/16/1092 1300/13/1092 1325/13/1092 1324/16/1092
f 1274/15/1093 1273/11/1093 1323/11/1093 1322/15/1093
f 1174/18/1094 1173/21/1094 1382/21/1094 1383/18/1094
f 1161/17/1095 1160/20/1095 1369/20/1095 1370/17/1095
f 1148/16/1096 1147/19/1096 1356/19/1096 1357/16/1096
f 1175/15/1097 1174/18/1097 1383/18/1097 1384/15/1097
f 1162/14/1098 1161/17/1098 1370/17/1098 1371/14/1098
f 1149/13/1099 1148/16/1099 1357/16/1099 1358/13/1099
f 1163/10/1100 1162/14/1100 1371/14/1100 1372/10/1100
f 1150/9/1101 1149/13/1101 1358/13/1101 1359/9/1101
f 1164/8/1102 1163/10/1102 1372/10/1102 1373/8/1102
f 1151/7/1103 1150/9/1103 1359/9/1103 1360/7/1103
f 1165/5/1104 1164/8/1104 1373/8/1104 1374/5/1104
f 1152/3/1105 1151/7/1105 1360/7/1105 1361/3/1105
f 1166/6/1106 1165/5/1106 1374/5/1106 1375/6/1106
f 1153/4/1107 1152/3/1107 1361/3/1107 1362/4/1107
f 1167/32/1108 1166/6/1108 1375/6/1108 1376/32/1108
f 1154/31/1109 1153/4/1109 1362/4/1109 1363/31/1109
f 1168/30/1110 1167/32/1110 1376/32/1110 1377/30/1110
f 1155/29/1111 1154/31/1111 1363/31/1111 1364/29/1111
f 1169/28/1112 1168/30/1112 1377/30/1112 1378/28/1112
f 1156/27/1113 1155/29/1113 1364/29/1113 1365/27/1113
f 1170/26/1114 1169/138/1114 1378/138/1114 1379/26/1114
f 1157/1/1115 1156/27/1115 1365/27/1115 1366/1/1115
f 1171/25/1116 1170/26/1116 1379/26/1116 1380/25/1116
f 1158/2/1117 1157/1/1117 1366/1/1117 1367/2/1117
f 1172/24/1118 1171/25/1118 1380/25/1118 1381/24/1118
f 1159/23/1119 1158/2/1119 1367/2/1119 1368/23/1119
f 1176/11/1120 1175/15/1120 1384/15/1120 1385/11/1120
f 1146/22/1121 1145/12/1121 1355/12/1121 1354/22/1121
f 1173/21/1122 1172/24/1122 1381/24/1122 1382/21/1122
f 1160/20/1123 1159/23/1123 1368/23/1123 1369/20/1123
f 1147/19/1124 1146/22/1124 1354/22/1124 1356/19/1124
f 1369/20/1125 1368/23/1125 1371/14/1125 1370/17/1125
f 1368/23/1125 1367/2/1125 1372/10/1125 1371/14/1125
f 1367/2/1125 1366/1/1125 1373/8/1125 1372/10/1125
f 1366/1/1126 1365/27/1126 1374/5/1126 1373/8/1126
f 1365/27/1125 1364/29/1125 1375/6/1125 1374/5/1125
f 1364/29/1125 1363/31/1125 1376/32/1125 1375/6/1125
f 1363/31/1125 1362/4/1125 1377/30/1125 1376/32/1125
f 1362/4/1126 1361/3/1126 1378/28/1126 1377/30/1126
f 1361/3/1125 1360/7/1125 1379/26/1125 1378/138/1125
f 1360/7/1126 1359/9/1126 1380/25/1126 1379/26/1126
f 1359/9/1125 1358/13/1125 1381/24/1125 1380/25/1125
f 1358/13/1125 1357/16/1125 1382/21/1125 1381/24/1125
f 1357/16/1125 1356/19/1125 1383/18/1125 1382/21/1125
f 1356/19/1125 1354/22/1125 1384/15/1125 1383/18/1125
f 1354/22/1125 1355/12/1125 1385/11/1125 1384/15/1125
f 1321/658/1127 1387/16/1127 1388/9/1127
f 1321/659/1128 1388/3/1128 1389/31/1128
f 1321/660/1129 1389/27/1129 1386/2/1129
f 1321/661/1130 1386/20/1130 1390/14/1130
f 1321/662/1131 1390/8/1131 1391/6/1131
f 1321/663/1132 1391/30/1132 1392/26/1132
f 1321/664/1133 1392/24/1133 1393/18/1133
f 1321/665/1134 1393/11/1134 1387/22/1134
f 1457/12/1135 1394/11/1135 1395/11/1135 1456/12/1135
f 1394/11/1136 1396/15/1136 1397/15/1136 1395/11/1136
f 1396/15/1137 1398/18/1137 1399/18/1137 1397/15/1137
f 1398/18/1138 1400/21/1138 1401/666/1138 1399/18/1138
f 1403/24/1139 1401/666/1139 1400/21/1139 1402/24/1139
f 1402/24/1140 1404/25/1140 1405/25/1140 1403/24/1140
f 1404/25/1141 1406/26/1141 1407/26/1141 1405/25/1141
f 1406/26/1142 1408/138/1142 1409/138/1142 1407/26/1142
f 1408/28/1143 1410/30/1143 1411/30/1143 1409/28/1143
f 1410/30/1144 1412/32/1144 1413/32/1144 1411/30/1144
f 1412/32/1145 1414/6/1145 1415/6/1145 1413/32/1145
f 1414/6/1146 1416/5/1146 1417/5/1146 1415/6/1146
f 1416/5/1147 1418/8/1147 1419/8/1147 1417/5/1147
f 1418/8/1148 1420/10/1148 1421/10/1148 1419/8/1148
f 1420/10/1149 1422/14/1149 1423/14/1149 1421/10/1149
f 1425/17/1150 1423/14/1150 1422/14/1150 1424/17/1150
f 1424/17/1151 1426/20/1151 1427/20/1151 1425/17/1151
f 1429/657/1152 1427/20/1152 1426/20/1152 1428/23/1152
f 1428/23/1153 1430/2/1153 1431/2/1153 1429/657/1153
f 1430/2/1154 1432/1/1154 1433/1/1154 1431/2/1154
f 1432/1/1155 1434/27/1155 1435/261/1155 1433/1/1155
f 1434/27/1156 1436/29/1156 1437/29/1156 1435/261/1156
f 1436/29/1157 1438/31/1157 1439/31/1157 1437/29/1157
f 1438/31/1158 1440/4/1158 1441/4/1158 1439/31/1158
f 1440/4/1159 1442/3/1159 1443/3/1159 1441/4/1159
f 1442/3/1160 1444/7/1160 1445/7/1160 1443/3/1160
f 1444/7/1161 1446/9/1161 1447/9/1161 1445/7/1161
f 1446/9/1162 1448/13/1162 1449/13/1162 1447/9/1162
f 1451/16/1163 1449/13/1163 1448/13/1163 1450/16/1163
f 1450/16/1164 1452/19/1164 1453/19/1164 1451/16/1164
f 1455/22/1165 1453/19/1165 1452/19/1165 1454/22/1165
f 1454/22/1166 1457/12/1166 1456/12/1166 1455/22/1166
f 1396/15/1167 1394/11/1167 1241/11/1167 1242/15/1167
f 1394/11/1168 1457/12/1168 1272/12/1168 1241/11/1168
f 1398/18/1169 1396/15/1169 1242/15/1169 1243/18/1169
f 1400/21/1170 1398/18/1170 1243/18/1170 1244/21/1170
f 1402/24/1171 1400/21/1171 1244/21/1171 1245/24/1171
f 1404/25/1172 1402/24/1172 1245/24/1172 1246/25/1172
f 1406/26/1173 1404/25/1173 1246/25/1173 1247/26/1173
f 1408/138/1174 1406/26/1174 1247/26/1174 1248/138/1174
f 1410/30/1175 1408/28/1175 1248/28/1175 1249/30/1175
f 1412/32/1176 1410/30/1176 1249/30/1176 1250/32/1176
f 1414/6/1177 1412/32/1177 1250/32/1177 1251/6/1177
f 1416/5/1178 1414/6/1178 1251/6/1178 1252/5/1178
f 1418/8/1179 1416/5/1179 1252/5/1179 1253/8/1179
f 1420/10/1180 1418/8/1180 1253/8/1180 1254/10/1180
f 1422/14/1181 1420/10/1181 1254/10/1181 1255/14/1181
f 1424/17/1182 1422/14/1182 1255/14/1182 1256/17/1182
f 1426/20/1183 1424/17/1183 1256/17/1183 1257/20/1183
f 1428/23/1184 1426/20/1184 1257/20/1184 1258/23/1184
f 1430/2/1185 1428/23/1185 1258/23/1185 1259/2/1185
f 1432/1/1186 1430/2/1186 1259/2/1186 1260/1/1186
f 1434/27/1187 1432/1/1187 1260/1/1187 1261/27/1187
f 1436/29/1188 1434/27/1188 1261/27/1188 1262/29/1188
f 1438/31/1189 1436/29/1189 1262/29/1189 1263/31/1189
f 1440/4/1190 1438/31/1190 1263/31/1190 1264/4/1190
f 1442/3/1191 1440/4/1191 1264/4/1191 1265/3/1191
f 1444/7/1192 1442/3/1192 1265/3/1192 1266/7/1192
f 1446/9/1193 1444/7/1193 1266/7/1193 1267/9/1193
f 1448/13/1194 1446/9/1194 1267/9/1194 1268/13/1194
f 1450/16/1195 1448/13/1195 1268/13/1195 1269/16/1195
f 1452/19/1196 1450/16/1196 1269/16/1196 1270/19/1196
f 1454/22/1197 1452/19/1197 1270/19/1197 1271/22/1197
f 1457/12/1198 1454/22/1198 1271/22/1198 1272/12/1198
f 1483/5/1199 1520/656/1199 1521/656/1199 1482/5/1199
f 1481/20/1200 1518/657/1200 1519/657/1200 1480/20/1200
f 1479/1/1201 1516/27/1201 1517/261/1201 1478/1/1201
f 1477/13/1202 1514/16/1202 1515/16/1202 1476/13/1202
f 1475/655/1203 1512/34/1203 1513/34/1203 1474/655/1203
f 1473/26/1204 1510/138/1204 1511/138/1204 1472/26/1204
f 1471/650/1205 1508/667/1205 1509/668/1205 1470/650/1205
f 1469/14/1206 1506/651/1206 1507/17/1206 1468/14/1206
f 1467/32/1207 1504/6/1207 1505/6/1207 1466/32/1207
f 1516/27/1208 1502/669/1208 1503/669/1208 1517/261/1208
f 1465/33/1209 1500/18/1209 1501/18/1209 1464/33/1209
f 1518/657/1210 1498/2/1210 1499/2/1210 1519/657/1210
f 1463/7/1211 1496/9/1211 1497/9/1211 1462/7/1211
f 1510/28/1212 1494/670/1212 1495/671/1212 1511/28/1212
f 1520/656/1213 1492/672/1213 1493/672/1213 1521/656/1213
f 1514/16/1214 1490/19/1214 1491/19/1214 1515/16/1214
f 1512/34/1215 1488/25/1215 1489/25/1215 1513/34/1215
f 1498/2/1216 1479/1/1216 1478/1/1216 1499/2/1216
f 1461/22/1217 1486/673/1217 1487/12/1217 1460/22/1217
f 1506/651/1218 1481/20/1218 1480/20/1218 1507/17/1218
f 1488/25/1219 1473/26/1219 1472/26/1219 1489/25/1219
f 1500/18/1220 1475/655/1220 1474/655/1220 1501/18/1220
f 1508/667/1221 1484/3/1221 1485/3/1221 1509/668/1221
f 1496/9/1222 1477/13/1222 1476/13/1222 1497/9/1222
f 1504/6/1223 1483/5/1223 1482/5/1223 1505/6/1223
f 1502/669/1224 1471/650/1224 1470/650/1224 1503/669/1224
f 1492/672/1225 1469/14/1225 1468/14/1225 1493/672/1225
f 1459/654/1226 1465/33/1226 1464/33/1226 1458/674/1226
f 1490/19/1227 1461/22/1227 1460/22/1227 1491/19/1227
f 1486/673/1228 1459/654/1228 1458/674/1228 1487/12/1228
f 1494/670/1229 1467/32/1229 1466/32/1229 1495/671/1229
f 1484/3/1230 1463/7/1230 1462/7/1230 1485/3/1230
f 1228/654/1231 1210/12/1231 1487/12/1231 1458/674/1231
f 1231/33/1232 1228/654/1232 1458/674/1232 1464/33/1232
f 1459/654/947 1486/673/947 1456/12/947 1395/11/947
f 1465/33/945 1459/654/945 1395/11/945 1397/15/945
f 1229/22/1233 1212/19/1233 1491/19/1233 1460/22/1233
f 1210/12/1234 1229/22/1234 1460/22/1234 1487/12/1234
f 1461/22/946 1490/19/946 1453/19/946 1455/22/946
f 1486/673/936 1461/22/936 1455/22/936 1456/12/936
f 1230/7/1235 1209/3/1235 1485/3/1235 1462/7/1235
f 1215/9/1236 1230/7/1236 1462/7/1236 1497/9/1236
f 1463/7/949 1484/3/949 1443/3/949 1445/7/949
f 1496/9/930 1463/7/930 1445/7/930 1447/9/930
f 1217/18/1237 1231/33/1237 1464/33/1237 1501/18/1237
f 1500/18/928 1465/33/928 1397/15/928 1399/18/928
f 1232/32/1238 1214/653/1238 1495/671/1238 1466/32/1238
f 1219/6/1239 1232/32/1239 1466/32/1239 1505/6/1239
f 1467/32/948 1494/670/948 1411/30/948 1413/32/948
f 1504/6/926 1467/32/926 1413/32/926 1415/6/926
f 1233/14/1240 1213/10/1240 1493/672/1240 1468/14/1240
f 1220/651/1241 1233/14/1241 1468/14/1241 1507/17/1241
f 1469/14/944 1492/672/944 1421/10/944 1423/14/944
f 1506/651/925 1469/14/925 1423/14/925 1425/17/925
f 1234/650/1242 1218/652/1242 1503/669/1242 1470/650/1242
f 1221/37/1243 1234/650/1243 1470/650/1243 1509/668/1243
f 1471/650/943 1502/669/943 1437/29/943 1439/31/943
f 1508/667/924 1471/650/924 1439/31/924 1441/4/924
f 1235/26/1244 1211/25/1244 1489/25/1244 1472/26/1244
f 1222/138/1245 1235/26/1245 1472/26/1245 1511/138/1245
f 1473/26/938 1488/25/938 1405/25/938 1407/26/938
f 1510/138/923 1473/26/923 1407/26/923 1409/138/923
f 1236/655/1246 1217/18/1246 1501/18/1246 1474/655/1246
f 1223/34/1247 1236/655/1247 1474/655/1247 1513/34/1247
f 1475/655/939 1500/18/939 1399/18/939 1401/666/939
f 1512/34/922 1475/655/922 1401/666/922 1403/24/922
f 1237/13/1248 1215/9/1248 1497/9/1248 1476/13/1248
f 1224/16/1249 1237/13/1249 1476/13/1249 1515/16/1249
f 1477/13/941 1496/9/941 1447/9/941 1449/13/941
f 1514/16/921 1477/13/921 1449/13/921 1451/16/921
f 1238/1/1250 1216/2/1250 1499/2/1250 1478/1/1250
f 1225/261/1251 1238/1/1251 1478/1/1251 1517/261/1251
f 1479/1/935 1498/2/935 1431/2/935 1433/1/935
f 1516/27/920 1479/1/920 1433/1/920 1435/261/920
f 1239/20/1252 1220/651/1252 1507/17/1252 1480/20/1252
f 1226/657/1253 1239/20/1253 1480/20/1253 1519/657/1253
f 1481/20/937 1506/651/937 1425/17/937 1427/20/937
f 1518/657/919 1481/20/919 1427/20/919 1429/657/919
f 1240/5/1254 1219/6/1254 1505/6/1254 1482/5/1254
f 1227/656/1255 1240/5/1255 1482/5/1255 1521/656/1255
f 1483/5/942 1504/6/942 1415/6/942 1417/5/942
f 1520/656/918 1483/5/918 1417/5/918 1419/8/918
f 1484/3/940 1508/667/940 1441/4/940 1443/3/940
f 1209/3/1256 1221/37/1256 1509/668/1256 1485/3/1256
f 1488/25/934 1512/34/934 1403/24/934 1405/25/934
f 1211/25/1257 1223/34/1257 1513/34/1257 1489/25/1257
f 1490/19/933 1514/16/933 1451/16/933 1453/19/933
f 1212/19/1258 1224/16/1258 1515/16/1258 1491/19/1258
f 1492/672/932 1520/656/932 1419/8/932 1421/10/932
f 1213/10/1259 1227/656/1259 1521/656/1259 1493/672/1259
f 1494/670/931 1510/28/931 1409/28/931 1411/30/931
f 1214/653/1260 1222/28/1260 1511/28/1260 1495/671/1260
f 1498/2/929 1518/657/929 1429/657/929 1431/2/929
f 1216/2/1261 1226/657/1261 1519/657/1261 1499/2/1261
f 1502/669/927 1516/27/927 1435/261/927 1437/29/927
f 1218/652/1262 1225/261/1262 1517/261/1262 1503/669/1262
